/*!40101 SET @OLD_CHARACTER_SET_CLIENT=@@CHARACTER_SET_CLIENT */;
/*!40101 SET NAMES utf8 */;
/*!50503 SET NAMES utf8mb4 */;
/*!40014 SET @OLD_FOREIGN_KEY_CHECKS=@@FOREIGN_KEY_CHECKS, FOREIGN_KEY_CHECKS=0 */;
/*!40101 SET @OLD_SQL_MODE=@@SQL_MODE, SQL_MODE='NO_AUTO_VALUE_ON_ZERO' */;

/*!40000 ALTER TABLE `categoria_movimiento` DISABLE KEYS */;
INSERT INTO `categoria_movimiento` (`ID_CATEGORIA_MOVIMIENTO`, `NOMBRE`, `FECHA_CREACION`, `FECHA_MODIFICACION`) VALUES
	(4, 'Alimentos', '2018-05-08', '2018-05-08'),
	(5, 'Servicios Basicos', NULL, NULL),
	(6, 'Alquiler', NULL, NULL),
	(7, 'Creditos', NULL, NULL),
	(8, 'Otros', NULL, NULL);
/*!40000 ALTER TABLE `categoria_movimiento` ENABLE KEYS */;

/*!40000 ALTER TABLE `cuenta` DISABLE KEYS */;
INSERT INTO `cuenta` (`ID_CUENTA`, `NOMBRE`, `FECHA_CREACION`, `FECHA_MODIFICACION`) VALUES
	(3, 'Cuenta BCR', '2018-06-23', '2018-06-23'),
	(4, 'Cuenta BNCR', NULL, NULL);
/*!40000 ALTER TABLE `cuenta` ENABLE KEYS */;

/*!40000 ALTER TABLE `movimiento` DISABLE KEYS */;
INSERT INTO `movimiento` (`ID_MOVIMIENTO`, `DETALLE`, `MONTO`, `FECHA_MOVIMIENTO`, `FECHA_CONTABLE`, `CATEGORIA_MOVIMIENTO`, `TIPO_MOVIMIENTO`, `CUENTA`, `FECHA_CREACION`, `FECHA_MODIFICACION`) VALUES
	(1801, 'INTERNET COMIS SINPE - COBRO DE COMISION TXN', 1122, '2017-01-02', '2017-01-02', 8, 2, 3, '2018-06-23', '2018-06-23'),
	(1802, 'INTER TFT SINPE MOD', 5610, '2017-01-02', '2017-01-02', 8, 2, 3, '2018-06-23', '2018-06-23'),
	(1803, 'COMPRAS EN COMERCIOS - MEGA SUPER JACO           -CRI', 3160, '2016-12-29', '2017-01-02', 8, 2, 3, '2018-06-23', '2018-06-23'),
	(1804, 'COMPRAS EN COMERCIOS - RESTAURANTE PURA VIDA     -CRI', 3200, '2016-12-29', '2017-01-02', 8, 2, 3, '2018-06-23', '2018-06-23'),
	(1805, 'SINPE MOVIL OTRA ENT', 1700, '2017-01-03', '2017-01-03', 8, 3, 3, '2018-06-23', '2018-06-23'),
	(1806, 'ND AH ICETEL BANCOBC - ICETEL    85959410', 15360, '2017-01-04', '2017-01-04', 8, 2, 3, '2018-06-23', '2018-06-23'),
	(1807, 'COB AH AMNET         - AMNET     11145075', 17500, '2017-01-04', '2017-01-04', 8, 2, 3, '2018-06-23', '2018-06-23'),
	(1808, 'COB AH AMNET         - AMNET     10813301', 32823, '2017-01-04', '2017-01-04', 8, 2, 3, '2018-06-23', '2018-06-23'),
	(1809, 'ND AH AYA BANCOBCR   - AYA       5324162', 4105, '2017-01-04', '2017-01-04', 8, 2, 3, '2018-06-23', '2018-06-23'),
	(1810, 'COMPRAS EN COMERCIOS - MEGA SUPER JACO           -CRI', 26247, '2016-12-31', '2017-01-04', 8, 2, 3, '2018-06-23', '2018-06-23'),
	(1811, 'COMPRAS EN COMERCIOS - MARISQUERIA CARNES POL    -CRI', 11800, '2017-01-03', '2017-01-09', 8, 2, 3, '2018-06-23', '2018-06-23'),
	(1812, 'COMPRAS EN COMERCIOS - Spotify P016F3C9F0        -SWE', 5052.38, '2017-01-04', '2017-01-09', 8, 2, 3, '2018-06-23', '2018-06-23'),
	(1813, 'COMPRAS EN COMERCIOS - NETFLIX.COM               -NLD', 5614.38, '2017-01-04', '2017-01-09', 8, 2, 3, '2018-06-23', '2018-06-23'),
	(1814, 'COMPRAS EN COMERCIOS - EC-INS WEB GENERAL COL    -CRI', 10830, '2017-01-04', '2017-01-09', 8, 2, 3, '2018-06-23', '2018-06-23'),
	(1815, 'COMPRAS EN COMERCIOS - CINEPOLIS P.FLORES CIN    -CRI', 12000, '2017-01-05', '2017-01-09', 8, 2, 3, '2018-06-23', '2018-06-23'),
	(1816, 'COMPRAS EN COMERCIOS - FARMACIA EL CARMEN        -CRI', 4800, '2017-01-07', '2017-01-09', 8, 2, 3, '2018-06-23', '2018-06-23'),
	(1817, 'COMPRAS EN COMERCIOS - KINGSMAN                  -CRI', 12000, '2017-01-07', '2017-01-09', 8, 2, 3, '2018-06-23', '2018-06-23'),
	(1818, 'COMPRAS EN COMERCIOS - ENTRE-NOUS                -CRI', 3900, '2017-01-07', '2017-01-11', 8, 2, 3, '2018-06-23', '2018-06-23'),
	(1819, 'COMPRAS EN COMERCIOS - PLAYSTATION NETWORK       -USA', 2810, '2017-01-07', '2017-01-11', 8, 2, 3, '2018-06-23', '2018-06-23'),
	(1820, 'COMPRAS EN COMERCIOS - PLAYSTATION NETWORK       -USA', 2810, '2017-01-07', '2017-01-11', 8, 2, 3, '2018-06-23', '2018-06-23'),
	(1821, 'COMPRAS EN COMERCIOS - PLAYSTATION NETWORK       -USA', 5614.38, '2017-01-07', '2017-01-11', 8, 2, 3, '2018-06-23', '2018-06-23'),
	(1822, 'SINPE MOVIL OTRA ENT', 850, '2017-01-11', '2017-01-11', 8, 3, 3, '2018-06-23', '2018-06-23'),
	(1823, 'SINPE MOVIL OTRA ENT', 10000, '2017-01-11', '2017-01-11', 8, 3, 3, '2018-06-23', '2018-06-23'),
	(1824, 'SINPE MOVIL OTRA ENT', 800, '2017-01-11', '2017-01-11', 8, 3, 3, '2018-06-23', '2018-06-23'),
	(1825, 'COMPRAS EN COMERCIOS - CARNICERIA SAN GERARDO    -CRI', 3465, '2017-01-07', '2017-01-12', 8, 2, 3, '2018-06-23', '2018-06-23'),
	(1826, 'COMPRAS EN COMERCIOS - AM PM RINCON DE FLORES    -CRI', 11560, '2017-01-08', '2017-01-12', 8, 2, 3, '2018-06-23', '2018-06-23'),
	(1827, 'RETIROS CAJ-AUT', 25000, '2017-01-12', '2017-01-13', 8, 2, 3, '2018-06-23', '2018-06-23'),
	(1828, 'INTERNET TRANSF PLAN - PLANILLA ADELANTO', 397526.55, '2017-01-13', '2017-01-13', 8, 3, 3, '2018-06-23', '2018-06-23'),
	(1829, 'COMPRAS EN COMERCIOS - POPS FANTASIA HEREDIA     -CRI', 750, '2017-01-13', '2017-01-16', 8, 2, 3, '2018-06-23', '2018-06-23'),
	(1830, 'SINPE MOVIL OTRA ENT', 30000, '2017-01-16', '2017-01-16', 8, 3, 3, '2018-06-23', '2018-06-23'),
	(1831, 'TRANSFERENC BANCOBCR - PAGO ALQUILER ENERO 2017', 280000, '2017-01-16', '2017-01-16', 8, 2, 3, '2018-06-23', '2018-06-23'),
	(1832, 'INTERNET TRANSF PLAN - PLANILLA ESCOLAR', 1132485.2, '2017-01-16', '2017-01-16', 8, 3, 3, '2018-06-23', '2018-06-23'),
	(1833, 'RETIROS CAJ-AUT', 5000, '2017-01-16', '2017-01-17', 8, 2, 3, '2018-06-23', '2018-06-23'),
	(1834, 'RETIROS CAJ-AUT', 15000, '2017-01-16', '2017-01-17', 8, 2, 3, '2018-06-23', '2018-06-23'),
	(1835, 'SINPE MOVIL OTRA ENT', 3000, '2017-01-17', '2017-01-17', 8, 2, 3, '2018-06-23', '2018-06-23'),
	(1836, 'ND AH AYA BANCOBCR   - AYA       5240775', 1500, '2017-01-17', '2017-01-17', 8, 2, 3, '2018-06-23', '2018-06-23'),
	(1837, 'DB ESPH AH BBCR      - ESPEH AGUA160834', 9634, '2017-01-17', '2017-01-17', 8, 2, 3, '2018-06-23', '2018-06-23'),
	(1838, 'ND AH ICEELE BANCOBC - ICEELE    282827', 2530, '2017-01-17', '2017-01-17', 8, 2, 3, '2018-06-23', '2018-06-23'),
	(1839, 'DB ESPH AH BBCR      - ESPEH AGUA281856', 5127, '2017-01-17', '2017-01-17', 8, 2, 3, '2018-06-23', '2018-06-23'),
	(1840, 'COMPRAS EN COMERCIOS - AUTO MERCADO PLAZA BRA    -CRI', 1075, '2017-01-14', '2017-01-18', 8, 2, 3, '2018-06-23', '2018-06-23'),
	(1841, 'COMPRAS EN COMERCIOS - LA VITA E`BELLA           -CRI', 3500, '2017-01-16', '2017-01-18', 8, 2, 3, '2018-06-23', '2018-06-23'),
	(1842, 'RETIROS CAJ-AUT', 20000, '2017-01-17', '2017-01-18', 8, 2, 3, '2018-06-23', '2018-06-23'),
	(1843, 'COMPRAS EN COMERCIOS - MARISQUERIA CARNES POL    -CRI', 12980, '2017-01-15', '2017-01-19', 8, 2, 3, '2018-06-23', '2018-06-23'),
	(1844, 'COMPRAS EN COMERCIOS - SUPER MC                  -CRI', 11030, '2017-01-16', '2017-01-20', 8, 2, 3, '2018-06-23', '2018-06-23'),
	(1845, 'COMPRAS EN COMERCIOS - TASTY PIZZA               -CRI', 3350, '2017-01-20', '2017-01-24', 8, 2, 3, '2018-06-23', '2018-06-23'),
	(1846, 'COMPRAS EN COMERCIOS - LOS GUACAMOLES            -CRI', 3350, '2017-01-22', '2017-01-26', 8, 2, 3, '2018-06-23', '2018-06-23'),
	(1847, 'SINPE MOVIL OTRA ENT', 4450, '2017-01-26', '2017-01-26', 8, 3, 3, '2018-06-23', '2018-06-23'),
	(1848, 'RETIROS CAJ-AUT', 5000, '2017-01-26', '2017-01-26', 8, 2, 3, '2018-06-23', '2018-06-23'),
	(1849, 'RETIROS CAJ-AUT', 10000, '2017-01-26', '2017-01-26', 8, 2, 3, '2018-06-23', '2018-06-23'),
	(1850, 'SINPE MOVIL OTRA ENT', 3345, '2017-01-26', '2017-01-26', 8, 2, 3, '2018-06-23', '2018-06-23'),
	(1851, 'COMPRAS EN COMERCIOS - PRICE SMART               -CRI', 28082, '2017-01-23', '2017-01-27', 8, 2, 3, '2018-06-23', '2018-06-23'),
	(1852, 'SINPE MOVIL OTRA ENT', 3000, '2017-01-27', '2017-01-27', 8, 2, 3, '2018-06-23', '2018-06-23'),
	(1853, 'INTERNET TRANSF PLAN - PLANILLA FIN DE MES', 579560.49, '2017-01-27', '2017-01-27', 8, 3, 3, '2018-06-23', '2018-06-23'),
	(1854, 'INTERNET TFT SINPE', 20000, '2017-01-27', '2017-01-27', 8, 2, 3, '2018-06-23', '2018-06-23'),
	(1855, 'INTERNET COMIS SINPE - COBRO DE COMISION TXN', 1122, '2017-01-27', '2017-01-27', 8, 2, 3, '2018-06-23', '2018-06-23'),
	(1856, 'COMPRAS EN COMERCIOS - FONDO DE BENEFICIO SOC    -CRI', 7000, '2017-01-24', '2017-01-30', 8, 2, 3, '2018-06-23', '2018-06-23'),
	(1857, 'COMPRAS EN COMERCIOS - Spotify P01912F624        -SWE', 5052.38, '2017-01-26', '2017-01-30', 8, 2, 3, '2018-06-23', '2018-06-23'),
	(1858, 'COMPRAS EN COMERCIOS - EXTREME TECH              -CRI', 10555, '2017-01-27', '2017-01-30', 8, 2, 3, '2018-06-23', '2018-06-23'),
	(1859, 'INTERNET COMIS SINPE - COBRO DE COMISION TXN', 1124, '2017-01-28', '2017-01-30', 8, 2, 3, '2018-06-23', '2018-06-23'),
	(1860, 'INTERNET TFT SINPE', 111000, '2017-01-28', '2017-01-30', 8, 2, 3, '2018-06-23', '2018-06-23'),
	(1861, 'INTS GANADOS AHORROS', 3233.3, '2017-01-31', '2017-01-31', 8, 3, 3, '2018-06-23', '2018-06-23'),
	(1862, 'COMPRAS EN COMERCIOS - LABORATORIOS PAEZ HERE    -CRI', 49500, '2017-01-30', '2017-02-03', 8, 2, 3, '2018-06-23', '2018-06-23'),
	(1863, 'ND AH ICETEL BANCOBC - ICETEL    85959410', 14560, '2017-02-05', '2017-02-06', 8, 2, 3, '2018-06-23', '2018-06-23'),
	(1864, 'COB AH AMNET         - AMNET     11145075', 17500, '2017-02-05', '2017-02-06', 8, 2, 3, '2018-06-23', '2018-06-23'),
	(1865, 'COB AH AMNET         - AMNET     10813301', 32731.75, '2017-02-05', '2017-02-06', 8, 2, 3, '2018-06-23', '2018-06-23'),
	(1866, 'ND AH AYA BANCOBCR   - AYA       5324162', 5081, '2017-02-05', '2017-02-06', 8, 2, 3, '2018-06-23', '2018-06-23'),
	(1867, 'SINPE MOVIL OTRA ENT', 65000, '2017-02-06', '2017-02-07', 8, 2, 3, '2018-06-23', '2018-06-23'),
	(1868, 'TRANSFERENC BANCOBCR - PAGO ALQUILER FEBRERO 2017', 230000, '2017-02-09', '2017-02-10', 8, 2, 3, '2018-06-23', '2018-06-23'),
	(1869, 'INTERNET TRANSF PLAN - PLANILLA ADELANTO', 540790.9, '2017-02-13', '2017-02-13', 8, 3, 3, '2018-06-23', '2018-06-23'),
	(1870, 'COMPRAS EN COMERCIOS - CINEPOLIS P.FLORES CIN    -CRI', 21700, '2017-02-12', '2017-02-16', 8, 2, 3, '2018-06-23', '2018-06-23'),
	(1871, 'ND AH AYA BANCOBCR   - AYA       5240775', 1500, '2017-02-19', '2017-02-20', 8, 2, 3, '2018-06-23', '2018-06-23'),
	(1872, 'ND AH ICEELE BANCOBC - ICEELE    282827', 5985, '2017-02-19', '2017-02-20', 8, 2, 3, '2018-06-23', '2018-06-23'),
	(1873, 'SINPE MOVIL OTRA ENT', 50000, '2017-02-20', '2017-02-20', 8, 2, 3, '2018-06-23', '2018-06-23'),
	(1874, 'TRANSFERENC BANCOBCR - FEBRERO 113910972 ANDRESFALLAS', 95900, '2017-02-20', '2017-02-20', 8, 2, 3, '2018-06-23', '2018-06-23'),
	(1875, 'COMPRAS EN COMERCIOS - SERVICENTRO M Y S JIME    -CRI', 20000, '2017-02-19', '2017-02-23', 8, 2, 3, '2018-06-23', '2018-06-23'),
	(1876, 'ND AH ICETEL BANCOBC - ICETEL    72058745', 10055, '2017-02-24', '2017-02-24', 8, 2, 3, '2018-06-23', '2018-06-23'),
	(1877, 'PG AH TIEMPO AIRE TD - MP TIEMPO 87557140', 5000, '2017-02-26', '2017-02-27', 8, 2, 3, '2018-06-23', '2018-06-23'),
	(1878, 'SINPE MOVIL OTRA ENT', 17000, '2017-02-27', '2017-02-27', 8, 2, 3, '2018-06-23', '2018-06-23'),
	(1879, 'INTERNET TRANSF PLAN - PLANILLA FIN DE MES', 421623.94, '2017-02-28', '2017-02-28', 8, 3, 3, '2018-06-23', '2018-06-23'),
	(1880, 'INTS GANADOS AHORROS', 3889.5, '2017-02-28', '2017-02-28', 8, 3, 3, '2018-06-23', '2018-06-23'),
	(1881, 'COMPRAS EN COMERCIOS - CINEPOLIS P.FLORES CIN    -CRI', 3100, '2017-02-24', '2017-03-01', 8, 2, 3, '2018-06-23', '2018-06-23'),
	(1882, 'COMPRAS EN COMERCIOS - CINEPOLIS P.FLORES CIN    -CRI', 12400, '2017-02-24', '2017-03-01', 8, 2, 3, '2018-06-23', '2018-06-23'),
	(1883, 'SINPE MOVIL OTRA ENT', 100000, '2017-03-02', '2017-03-02', 8, 2, 3, '2018-06-23', '2018-06-23'),
	(1884, 'COB AH AMNET         - AMNET     10813301', 32580, '2017-03-04', '2017-03-06', 8, 2, 3, '2018-06-23', '2018-06-23'),
	(1885, 'ND AH ICETEL BANCOBC - ICETEL    85959410', 18690, '2017-03-04', '2017-03-06', 8, 2, 3, '2018-06-23', '2018-06-23'),
	(1886, 'COMPRAS EN COMERCIOS - EC-INS WEB GENERAL COL    -CRI', 10830, '2017-03-04', '2017-03-09', 8, 2, 3, '2018-06-23', '2018-06-23'),
	(1887, 'TRANSFERENC BANCOBCR - PAGO ALQUILER MARZO 2017', 224000, '2017-03-11', '2017-03-13', 8, 2, 3, '2018-06-23', '2018-06-23'),
	(1888, 'SINPE MOVIL OTRA ENT', 50000, '2017-03-11', '2017-03-13', 8, 2, 3, '2018-06-23', '2018-06-23'),
	(1889, 'INTERNET TRANSF PLAN - PLANILLA ADELANTO', 545400.75, '2017-03-14', '2017-03-14', 8, 3, 3, '2018-06-23', '2018-06-23'),
	(1890, 'SINPE MOVIL OTRA ENT', 50000, '2017-03-18', '2017-03-20', 8, 2, 3, '2018-06-23', '2018-06-23'),
	(1891, 'DB ESPH AH BBCR      - ESPEH AGUA571085', 8720, '2017-03-19', '2017-03-20', 8, 2, 3, '2018-06-23', '2018-06-23'),
	(1892, 'ND AH ICEELE BANCOBC - ICEELE    282827', 9545, '2017-03-19', '2017-03-20', 8, 2, 3, '2018-06-23', '2018-06-23'),
	(1893, 'ND AH AYA BANCOBCR   - AYA       5240775', 1500, '2017-03-19', '2017-03-20', 8, 2, 3, '2018-06-23', '2018-06-23'),
	(1894, 'AVANC EFECT OTRO BCO - HER-AM/PM RINC.FLORE      -CRI', 25000, '2017-03-18', '2017-03-22', 8, 2, 3, '2018-06-23', '2018-06-23'),
	(1895, 'COMPRAS EN COMERCIOS - AM PM RINCON DE FLORES    -CRI', 5760, '2017-03-18', '2017-03-22', 8, 2, 3, '2018-06-23', '2018-06-23'),
	(1896, 'COMISION AVANCE EFEC - COM AVA EFEC BNC LOC      -CRI', 125, '2017-03-22', '2017-03-22', 8, 2, 3, '2018-06-23', '2018-06-23'),
	(1897, 'COMISION AVANCE EFEC - COM AVA EFEC BNC LOC      -CRI', 1690.5, '2017-03-22', '2017-03-22', 8, 2, 3, '2018-06-23', '2018-06-23'),
	(1898, 'RETIROS CAJ-AUT', 20000, '2017-03-22', '2017-03-23', 8, 2, 3, '2018-06-23', '2018-06-23'),
	(1899, 'COMPRAS EN COMERCIOS - INTENSA HEREDIA           -CRI', 100650, '2017-03-22', '2017-03-24', 8, 2, 3, '2018-06-23', '2018-06-23'),
	(1900, 'SINPE MOVIL OTRA ENT', 50000, '2017-03-24', '2017-03-24', 8, 2, 3, '2018-06-23', '2018-06-23'),
	(1901, 'COMPRAS EN COMERCIOS - AUTO MERCADO PLAZA BRA    -CRI', 1205, '2017-03-22', '2017-03-27', 8, 2, 3, '2018-06-23', '2018-06-23'),
	(1902, 'INTERNET TRANSF PLAN - PLANILLA FIN DE MES', 424678.09, '2017-03-29', '2017-03-29', 8, 3, 3, '2018-06-23', '2018-06-23'),
	(1903, 'SINPE MOVIL OTRA ENT', 50000, '2017-03-29', '2017-03-30', 8, 2, 3, '2018-06-23', '2018-06-23'),
	(1904, 'SINPE MOVIL OTRA ENT', 100000, '2017-03-31', '2017-03-31', 8, 2, 3, '2018-06-23', '2018-06-23'),
	(1905, 'INTS GANADOS AHORROS', 4764.55, '2017-03-31', '2017-03-31', 8, 3, 3, '2018-06-23', '2018-06-23'),
	(1906, 'RETIROS CAJ-AUT', 20000, '2017-03-31', '2017-03-31', 8, 2, 3, '2018-06-23', '2018-06-23'),
	(1907, 'SINPE MOVIL OTRA ENT', 100000, '2017-04-01', '2017-04-03', 8, 2, 3, '2018-06-23', '2018-06-23'),
	(1908, 'ND AH CABLETICA      - CABLE TICA750020', 4202, '2017-04-05', '2017-04-05', 8, 2, 3, '2018-06-23', '2018-06-23'),
	(1909, 'ND AH CABLETICA      - CABLE TICA750020', 10338, '2017-04-05', '2017-04-05', 8, 2, 3, '2018-06-23', '2018-06-23'),
	(1910, 'ND AH CABLETICA      - CABLE TICA750020', 20730, '2017-04-05', '2017-04-05', 8, 2, 3, '2018-06-23', '2018-06-23'),
	(1911, 'COB AH AMNET         - AMNET     10813301', 32580, '2017-04-05', '2017-04-05', 8, 2, 3, '2018-06-23', '2018-06-23'),
	(1912, 'ND AH ICETEL BANCOBC - ICETEL    85959410', 18910, '2017-04-05', '2017-04-05', 8, 2, 3, '2018-06-23', '2018-06-23'),
	(1913, 'TRANSFERENC BANCOBCR - CITA MA', 60000, '2017-04-05', '2017-04-05', 8, 2, 3, '2018-06-23', '2018-06-23'),
	(1914, 'COMPRAS EN COMERCIOS - INTENSA HEREDIA           -CRI', 95850, '2017-04-05', '2017-04-07', 8, 2, 3, '2018-06-23', '2018-06-23'),
	(1915, 'INTERNET TRANSF PLAN - PLANILLA ADELANTO', 545400.75, '2017-04-07', '2017-04-07', 8, 3, 3, '2018-06-23', '2018-06-23'),
	(1916, 'COMPRAS EN COMERCIOS - EC-INS WEB GENERAL COL    -CRI', 10830, '2017-04-06', '2017-04-10', 8, 2, 3, '2018-06-23', '2018-06-23'),
	(1917, 'TRANSFERENC BANCOBCR - PAGO ALQUILER ABRIL 2017', 226000, '2017-04-11', '2017-04-12', 8, 2, 3, '2018-06-23', '2018-06-23'),
	(1918, 'COMPRAS EN COMERCIOS - ZAPATERIA MENESES GUAP    -CRI', 58875, '2017-04-11', '2017-04-17', 8, 2, 3, '2018-06-23', '2018-06-23'),
	(1919, 'ND AH ICETEL BANCOBC - ICETEL    84125295', 14695, '2017-04-17', '2017-04-17', 8, 2, 3, '2018-06-23', '2018-06-23'),
	(1920, 'DEPOSITOS            - JULIO TORRES CHACON', 20000, '2017-04-18', '2017-04-18', 8, 3, 3, '2018-06-23', '2018-06-23'),
	(1921, 'DB ESPH AH BBCR      - ESPEH AGUA571085', 10578, '2017-04-21', '2017-04-21', 8, 2, 3, '2018-06-23', '2018-06-23'),
	(1922, 'SINPE MOVIL OTRA ENT', 100000, '2017-04-21', '2017-04-21', 8, 2, 3, '2018-06-23', '2018-06-23'),
	(1923, 'SINPE MOVIL OTRA ENT', 15000, '2017-04-23', '2017-04-24', 8, 2, 3, '2018-06-23', '2018-06-23'),
	(1924, 'AJUSTE BCR DEBITO    - COM AVA EFEC BNC LOC      -CRI', 125, '2017-04-24', '2017-04-24', 8, 3, 3, '2018-06-23', '2018-06-23'),
	(1925, 'AJUSTE BCR DEBITO    - COM AVA EFEC BNC LOC      -CRI', 1690.5, '2017-04-24', '2017-04-24', 8, 3, 3, '2018-06-23', '2018-06-23'),
	(1926, 'COMPRAS EN COMERCIOS - RESTAURANTE TACO BELL     -CRI', 1990, '2017-04-21', '2017-04-26', 8, 2, 3, '2018-06-23', '2018-06-23'),
	(1927, 'COMPRAS EN COMERCIOS - COM AVA EFEC BNC LOC      -CRI', 284, '2017-04-27', '2017-04-27', 8, 2, 3, '2018-06-23', '2018-06-23'),
	(1928, 'INTERNET TRANSF PLAN - PLANILLA FIN DE MES', 441888.47, '2017-04-28', '2017-04-28', 8, 3, 3, '2018-06-23', '2018-06-23'),
	(1929, 'INTS GANADOS AHORROS', 4419.45, '2017-04-28', '2017-04-28', 8, 3, 3, '2018-06-23', '2018-06-23'),
	(1930, 'SINPE MOVIL OTRA ENT', 100000, '2017-04-30', '2017-05-02', 8, 2, 3, '2018-06-23', '2018-06-23'),
	(1931, 'COMPRAS EN COMERCIOS - RADIO SHACK PASEO DE L    -CRI', 27594.99, '2017-04-29', '2017-05-03', 8, 2, 3, '2018-06-23', '2018-06-23'),
	(1932, 'COMPRAS EN COMERCIOS - ISLAND PASEO DE LAS FL    -CRI', 10000, '2017-04-29', '2017-05-03', 8, 2, 3, '2018-06-23', '2018-06-23'),
	(1933, 'ND AH ICETEL BANCOBC - ICETEL    85959410', 18075, '2017-05-04', '2017-05-04', 8, 2, 3, '2018-06-23', '2018-06-23'),
	(1934, 'COB AH AMNET         - AMNET     10813301', 32580, '2017-05-04', '2017-05-04', 8, 2, 3, '2018-06-23', '2018-06-23'),
	(1935, 'COMPRAS EN COMERCIOS - EC-INS WEB GENERAL COL    -CRI', 10830, '2017-05-04', '2017-05-08', 8, 2, 3, '2018-06-23', '2018-06-23'),
	(1936, 'RETIROS CAJ-AUT', 35000, '2017-05-05', '2017-05-08', 8, 2, 3, '2018-06-23', '2018-06-23'),
	(1937, 'RETIROS CAJ-AUT', 4000, '2017-05-05', '2017-05-08', 8, 2, 3, '2018-06-23', '2018-06-23'),
	(1938, 'COMPRAS EN COMERCIOS - INTENSA HEREDIA           -CRI', 95850, '2017-05-06', '2017-05-08', 8, 2, 3, '2018-06-23', '2018-06-23'),
	(1939, 'ND AH AYA BANCOBCR   - AYA       5240775', 1829, '2017-05-07', '2017-05-08', 8, 2, 3, '2018-06-23', '2018-06-23'),
	(1940, 'ND AH ICEELE BANCOBC - ICEELE    282827', 8795, '2017-05-07', '2017-05-08', 8, 2, 3, '2018-06-23', '2018-06-23'),
	(1941, 'SINPE MOVIL OTRA ENT', 50000, '2017-05-09', '2017-05-09', 8, 2, 3, '2018-06-23', '2018-06-23'),
	(1942, 'CREDITO INTERBANCARI - UNIVERSIDAD NACTRANSFERENCIAS', 61388.34, '2017-05-09', '2017-05-09', 8, 3, 3, '2018-06-23', '2018-06-23'),
	(1943, 'TRANSFERENC BANCOBCR - PAGO ALQUILER MAYO 2017', 225000, '2017-05-12', '2017-05-12', 8, 2, 3, '2018-06-23', '2018-06-23'),
	(1944, 'ND AH ICETEL BANCOBC - ICETEL    84125295', 10740, '2017-05-13', '2017-05-15', 8, 2, 3, '2018-06-23', '2018-06-23'),
	(1945, 'INTERNET TRANSF PLAN - PLANILLA ADELANTO', 547988.8, '2017-05-15', '2017-05-15', 8, 3, 3, '2018-06-23', '2018-06-23'),
	(1946, 'DEPOSITOS            - JULIO TORRES CHACON', 11000, '2017-05-17', '2017-05-17', 8, 3, 3, '2018-06-23', '2018-06-23'),
	(1947, 'SINPE MOVIL OTRA ENT', 50000, '2017-05-19', '2017-05-19', 8, 2, 3, '2018-06-23', '2018-06-23'),
	(1948, 'SINPE MOVIL OTRA ENT', 30000, '2017-05-21', '2017-05-22', 8, 2, 3, '2018-06-23', '2018-06-23'),
	(1949, 'SINPE MOVIL OTRA ENT', 50000, '2017-05-21', '2017-05-22', 8, 2, 3, '2018-06-23', '2018-06-23'),
	(1950, 'DB AH CONAPE BBCR    - CONAPE    30791240', 38500.7, '2017-05-21', '2017-05-22', 8, 2, 3, '2018-06-23', '2018-06-23'),
	(1951, 'DB ESPH AH BBCR      - ESPEH AGUA571085', 9001, '2017-05-21', '2017-05-22', 8, 2, 3, '2018-06-23', '2018-06-23'),
	(1952, 'SINPE MOVIL OTRA ENT', 50000, '2017-05-22', '2017-05-22', 8, 2, 3, '2018-06-23', '2018-06-23'),
	(1953, 'DEPOSITOS            - LUIS FALLAS GRANT', 40000, '2017-05-24', '2017-05-24', 8, 3, 3, '2018-06-23', '2018-06-23'),
	(1954, 'COMPRAS EN COMERCIOS - ASEMECO HEREDIA           -CRI', 40820, '2017-05-24', '2017-05-29', 8, 2, 3, '2018-06-23', '2018-06-23'),
	(1955, 'COMPRAS EN COMERCIOS - PRICE SMART               -CRI', 26575, '2017-05-24', '2017-05-29', 8, 2, 3, '2018-06-23', '2018-06-23'),
	(1956, 'COMPRAS EN COMERCIOS - FONDO DE BENEFICIO SOC    -CRI', 48000, '2017-05-25', '2017-05-29', 8, 2, 3, '2018-06-23', '2018-06-23'),
	(1957, 'SINPE MOVIL OTRA ENT', 50000, '2017-05-26', '2017-05-29', 8, 2, 3, '2018-06-23', '2018-06-23'),
	(1958, 'INTERNET TRANSF PLAN - PLANILLA FIN DE MES', 426392.63, '2017-05-29', '2017-05-29', 8, 3, 3, '2018-06-23', '2018-06-23'),
	(1959, 'INTS GANADOS AHORROS', 5385.2, '2017-05-31', '2017-05-31', 8, 3, 3, '2018-06-23', '2018-06-23'),
	(1960, 'SINPE MOVIL OTRA ENT', 50000, '2017-06-01', '2017-06-01', 8, 2, 3, '2018-06-23', '2018-06-23'),
	(1961, 'COMPRAS EN COMERCIOS - SERVICENTRO GUAPILES R    -CRI', 10000, '2017-05-28', '2017-06-01', 8, 2, 3, '2018-06-23', '2018-06-23'),
	(1962, 'SINPE MOVIL OTRA ENT', 50000, '2017-05-31', '2017-06-01', 8, 2, 3, '2018-06-23', '2018-06-23'),
	(1963, 'COMPRAS EN COMERCIOS - LABORATORIOS PAEZ HERE    -CRI', 11250, '2017-05-29', '2017-06-02', 8, 2, 3, '2018-06-23', '2018-06-23'),
	(1964, 'TRANSFERENC BANCOBCR - JUNIO 113910972 ANDRES FALLAS', 95850, '2017-06-03', '2017-06-05', 8, 2, 3, '2018-06-23', '2018-06-23'),
	(1965, 'COMPRAS EN COMERCIOS - CINEPOLIS P.FLORES CIN    -CRI', 13300, '2017-05-30', '2017-06-05', 8, 2, 3, '2018-06-23', '2018-06-23'),
	(1966, 'RETIROS CAJ-AUT', 10000, '2017-06-05', '2017-06-06', 8, 2, 3, '2018-06-23', '2018-06-23'),
	(1967, 'ND AH ICETEL BANCOBC - ICETEL    85959410', 18000, '2017-06-07', '2017-06-07', 8, 2, 3, '2018-06-23', '2018-06-23'),
	(1968, 'COB AH AMNET         - AMNET     10813301', 32580, '2017-06-07', '2017-06-07', 8, 2, 3, '2018-06-23', '2018-06-23'),
	(1969, 'SINPE MOVIL OTRA ENT', 50000, '2017-06-10', '2017-06-12', 8, 2, 3, '2018-06-23', '2018-06-23'),
	(1970, 'TRANSFERENC BANCOBCR - PAGO ALQUILER JUNIO 2017', 224000, '2017-06-12', '2017-06-12', 8, 2, 3, '2018-06-23', '2018-06-23'),
	(1971, 'ND AH ICETEL BANCOBC - ICETEL    84125295', 11910, '2017-06-12', '2017-06-12', 8, 2, 3, '2018-06-23', '2018-06-23'),
	(1972, 'INTERNET TRANSF PLAN - PLANILLA ADELANTO', 547988.8, '2017-06-14', '2017-06-14', 8, 3, 3, '2018-06-23', '2018-06-23'),
	(1973, 'SINPE MOVIL OTRA ENT', 50000, '2017-06-16', '2017-06-19', 8, 2, 3, '2018-06-23', '2018-06-23'),
	(1974, 'DB ESPH AH BBCR      - ESPEH AGUA571085', 8398, '2017-06-20', '2017-06-20', 8, 2, 3, '2018-06-23', '2018-06-23'),
	(1975, 'RETIROS CAJ-AUT', 15000, '2017-06-20', '2017-06-21', 8, 2, 3, '2018-06-23', '2018-06-23'),
	(1976, 'COMPRAS EN COMERCIOS - RESTAURANTE SABORES DE    -CRI', 35431, '2017-06-17', '2017-06-22', 8, 2, 3, '2018-06-23', '2018-06-23'),
	(1977, 'SINPE MOVIL OTRA ENT', 50000, '2017-06-24', '2017-06-26', 8, 2, 3, '2018-06-23', '2018-06-23'),
	(1978, 'TRANSFERENC BANCOBCR - ROPA ROCIO Y PASEO', 90000, '2017-06-26', '2017-06-26', 8, 2, 3, '2018-06-23', '2018-06-23'),
	(1979, 'SINPE MOVIL OTRA ENT', 10000, '2017-06-28', '2017-06-28', 8, 2, 3, '2018-06-23', '2018-06-23'),
	(1980, 'SINPE MOVIL OTRA ENT', 4000, '2017-06-28', '2017-06-28', 8, 2, 3, '2018-06-23', '2018-06-23'),
	(1981, 'INTERNET TRANSF PLAN - PLANILLA FIN DE MES', 426392.63, '2017-06-28', '2017-06-28', 8, 3, 3, '2018-06-23', '2018-06-23'),
	(1982, 'COMPRAS EN COMERCIOS - AGENCIA PIPASA MERCADO    -CRI', 4490, '2017-06-26', '2017-06-29', 8, 2, 3, '2018-06-23', '2018-06-23'),
	(1983, 'SINPE MOVIL OTRA ENT', 17385, '2017-06-29', '2017-06-29', 8, 2, 3, '2018-06-23', '2018-06-23'),
	(1984, 'SINPE MOVIL OTRA ENT', 10000, '2017-06-30', '2017-06-30', 8, 2, 3, '2018-06-23', '2018-06-23'),
	(1985, 'SINPE MOVIL OTRA ENT', 50000, '2017-06-30', '2017-06-30', 8, 2, 3, '2018-06-23', '2018-06-23'),
	(1986, 'INTS GANADOS AHORROS', 5032.2, '2017-06-30', '2017-06-30', 8, 3, 3, '2018-06-23', '2018-06-23'),
	(1987, 'COMPRAS EN COMERCIOS - PRICE SMART               -CRI', 9590, '2017-06-27', '2017-07-03', 8, 2, 3, '2018-06-23', '2018-06-23'),
	(1988, 'COMISION AVANCE EFEC - COM AVA EFEC BNC LOC      -CRI', 722.5, '2017-07-05', '2017-07-05', 8, 2, 3, '2018-06-23', '2018-06-23'),
	(1989, 'SINPE MOVIL OTRA ENT', 50000, '2017-07-05', '2017-07-05', 8, 2, 3, '2018-06-23', '2018-06-23'),
	(1990, 'AVANC EFECT OTRO BCO - HER-AM/PM RINC.FLORE      -CRI', 20000, '2017-06-30', '2017-07-05', 8, 2, 3, '2018-06-23', '2018-06-23'),
	(1991, 'COMPRAS EN COMERCIOS - ALMACEN EL REY DE HEREDIA -CRI', 11500, '2017-07-04', '2017-07-06', 8, 2, 3, '2018-06-23', '2018-06-23'),
	(1992, 'DEPOSITOS            - NURIA HERNANDEZ CARBALLO', 200000, '2017-07-06', '2017-07-06', 8, 3, 3, '2018-06-23', '2018-06-23'),
	(1993, 'COMPRAS EN COMERCIOS - INTENSA                   -CRI', 95850, '2017-06-30', '2017-07-06', 8, 2, 3, '2018-06-23', '2018-06-23'),
	(1994, 'COMPRAS EN COMERCIOS - EC-INS WEB GENERAL COL    -CRI', 10830, '2017-07-05', '2017-07-10', 8, 2, 3, '2018-06-23', '2018-06-23'),
	(1995, 'COMPRAS EN COMERCIOS - AM PM RINCON DE FLORES    -CRI', 3215, '2017-07-05', '2017-07-10', 8, 2, 3, '2018-06-23', '2018-06-23'),
	(1996, 'TRANSFERENC BANCOBCR - PAGO CURSO GRUPO PANAMA', 14300, '2017-07-07', '2017-07-10', 8, 2, 3, '2018-06-23', '2018-06-23'),
	(1997, 'TRANSFERENC BANCOBCR - PAGO ALQUILER JULIO 2017', 224500, '2017-07-10', '2017-07-10', 8, 2, 3, '2018-06-23', '2018-06-23'),
	(1998, 'COB AH AMNET         - AMNET     10813301', 32580, '2017-07-10', '2017-07-10', 8, 2, 3, '2018-06-23', '2018-06-23'),
	(1999, 'ND AH ICETEL BANCOBC - ICETEL    85959410', 18905, '2017-07-10', '2017-07-10', 8, 2, 3, '2018-06-23', '2018-06-23'),
	(2000, 'SINPE MOVIL OTRA ENT', 50000, '2017-07-13', '2017-07-13', 8, 2, 3, '2018-06-23', '2018-06-23'),
	(2001, 'INTERNET TRANSF PLAN - PLANILLA ADELANTO', 553310.45, '2017-07-14', '2017-07-14', 8, 3, 3, '2018-06-23', '2018-06-23'),
	(2002, 'COMPRAS EN COMERCIOS - PRICE SMART               -CRI', 106053, '2017-07-15', '2017-07-19', 8, 2, 3, '2018-06-23', '2018-06-23'),
	(2003, 'DB ESPH AH BBCR      - ESPEH AGUA571085', 8892, '2017-07-19', '2017-07-19', 8, 2, 3, '2018-06-23', '2018-06-23'),
	(2004, 'SINPE MOVIL OTRA ENT', 50000, '2017-07-21', '2017-07-21', 8, 2, 3, '2018-06-23', '2018-06-23'),
	(2005, 'COMPRAS EN COMERCIOS - EC-INS WEB GENERAL COL    -CRI', 10830, '2017-07-19', '2017-07-24', 8, 2, 3, '2018-06-23', '2018-06-23'),
	(2006, 'RETIROS CAJ-AUT', 15000, '2017-07-22', '2017-07-24', 8, 2, 3, '2018-06-23', '2018-06-23'),
	(2007, 'SINPE MOVIL OTRA ENT', 50000, '2017-07-26', '2017-07-26', 8, 2, 3, '2018-06-23', '2018-06-23'),
	(2008, 'TRANSFERENC BANCOBCR - CAMISETAS SELE', 50000, '2017-07-27', '2017-07-28', 8, 2, 3, '2018-06-23', '2018-06-23'),
	(2009, 'INTERNET TRANSF PLAN - PLANILLA FIN DE MES', 429918.18, '2017-07-28', '2017-07-28', 8, 3, 3, '2018-06-23', '2018-06-23'),
	(2010, 'INTS GANADOS AHORROS', 5157.95, '2017-07-31', '2017-07-31', 8, 3, 3, '2018-06-23', '2018-06-23'),
	(2011, 'SINPE MOVIL OTRA ENT', 50000, '2017-08-03', '2017-08-03', 8, 2, 3, '2018-06-23', '2018-06-23'),
	(2012, 'COMPRAS EN COMERCIOS - INTENSA                   -CRI', 121500, '2017-07-28', '2017-08-03', 8, 2, 3, '2018-06-23', '2018-06-23'),
	(2013, 'ND AH ICETEL BANCOBC - ICETEL    84125295', 10220, '2017-08-07', '2017-08-07', 8, 2, 3, '2018-06-23', '2018-06-23'),
	(2014, 'ND AH ICETEL BANCOBC - ICETEL    85959410', 16265, '2017-08-07', '2017-08-07', 8, 2, 3, '2018-06-23', '2018-06-23'),
	(2015, 'COB AH AMNET         - AMNET     10813301', 32580, '2017-08-07', '2017-08-07', 8, 2, 3, '2018-06-23', '2018-06-23'),
	(2016, 'RETIROS CAJ-AUT', 30000, '2017-08-09', '2017-08-10', 8, 2, 3, '2018-06-23', '2018-06-23'),
	(2017, 'TRANSFERENC BANCOBCR - PAGO ALQUILER AGOSTO 2017', 225500, '2017-08-11', '2017-08-14', 8, 2, 3, '2018-06-23', '2018-06-23'),
	(2018, 'INTERNET TRANSF PLAN - PLANILLA ADELANTO', 553310.45, '2017-08-14', '2017-08-14', 8, 3, 3, '2018-06-23', '2018-06-23'),
	(2019, 'SINPE MOVIL OTRA ENT', 50000, '2017-08-14', '2017-08-14', 8, 2, 3, '2018-06-23', '2018-06-23'),
	(2020, 'SINPE MOVIL OTRA ENT', 50000, '2017-08-18', '2017-08-18', 8, 2, 3, '2018-06-23', '2018-06-23'),
	(2021, 'DB ESPH AH BBCR      - ESPEH AGUA571085', 11029, '2017-08-22', '2017-08-22', 8, 2, 3, '2018-06-23', '2018-06-23'),
	(2022, 'ND AH ICETEL BANCOBC - ICETEL    3663680', 82000, '2017-08-22', '2017-08-22', 8, 2, 3, '2018-06-23', '2018-06-23'),
	(2023, 'COMPRAS EN COMERCIOS - RESTAURANTE PURA VIDA     -CRI', 30250, '2017-08-20', '2017-08-23', 8, 2, 3, '2018-06-23', '2018-06-23'),
	(2024, 'AVANC EFECT OTRO BCO - HER-AM/PM RINC.FLORE      -CRI', 15000, '2017-08-19', '2017-08-24', 8, 2, 3, '2018-06-23', '2018-06-23'),
	(2025, 'COMISION AVANCE EFEC - COM AVA EFEC BNC LOC      -CRI', 725.63, '2017-08-24', '2017-08-24', 8, 2, 3, '2018-06-23', '2018-06-23'),
	(2026, 'SINPE MOVIL OTRA ENT', 30000, '2017-08-25', '2017-08-25', 8, 2, 3, '2018-06-23', '2018-06-23'),
	(2027, 'SINPE MOVIL OTRA ENT', 100000, '2017-08-29', '2017-08-29', 8, 2, 3, '2018-06-23', '2018-06-23'),
	(2028, 'INTERNET TRANSF PLAN - PLANILLA FIN DE MES', 429918.18, '2017-08-29', '2017-08-29', 8, 3, 3, '2018-06-23', '2018-06-23'),
	(2029, 'INTERNET COMIS SINPE - COBRO DE COMISION TXN', 1161, '2017-08-29', '2017-08-29', 8, 2, 3, '2018-06-23', '2018-06-23'),
	(2030, 'INTERNET TFT SINPE', 70000, '2017-08-29', '2017-08-29', 8, 2, 3, '2018-06-23', '2018-06-23'),
	(2031, 'INTS GANADOS AHORROS', 6049.65, '2017-08-31', '2017-08-31', 8, 3, 3, '2018-06-23', '2018-06-23'),
	(2032, 'CREDITO INTERBANCARI - UNIVERSIDAD NACTRANSFERENCIAS', 70000, '2017-09-04', '2017-09-04', 8, 3, 3, '2018-06-23', '2018-06-23'),
	(2033, 'COMPRAS EN COMERCIOS - PRICE SMART               -CRI', 31340, '2017-08-30', '2017-09-04', 8, 2, 3, '2018-06-23', '2018-06-23'),
	(2034, 'TRANSFERENC BANCOBCR - AYUDA RAYO', 5000, '2017-09-05', '2017-09-05', 8, 2, 3, '2018-06-23', '2018-06-23'),
	(2035, 'COMPRAS EN COMERCIOS - AUTO MERCADO PLAZA BRA    -CRI', 1600, '2017-09-01', '2017-09-06', 8, 2, 3, '2018-06-23', '2018-06-23'),
	(2036, 'ND AH ICETEL BANCOBC - ICETEL    85959410', 12030, '2017-09-06', '2017-09-06', 8, 2, 3, '2018-06-23', '2018-06-23'),
	(2037, 'ND AH ICETEL BANCOBC - ICETEL    84125295', 10365, '2017-09-06', '2017-09-06', 8, 2, 3, '2018-06-23', '2018-06-23'),
	(2038, 'COB AH AMNET         - AMNET     10813301', 32580, '2017-09-06', '2017-09-06', 8, 2, 3, '2018-06-23', '2018-06-23'),
	(2039, 'COMPRAS EN COMERCIOS - INTENSA                   -CRI', 97500, '2017-09-01', '2017-09-07', 8, 2, 3, '2018-06-23', '2018-06-23'),
	(2040, 'RETIROS CAJ-AUT', 20000, '2017-09-07', '2017-09-08', 8, 2, 3, '2018-06-23', '2018-06-23'),
	(2041, 'COMPRAS EN COMERCIOS - EC-INS WEB GENERAL COL    -CRI', 10830, '2017-09-06', '2017-09-11', 8, 2, 3, '2018-06-23', '2018-06-23'),
	(2042, 'COMPRAS EN COMERCIOS - CALZADO MODERNO           -CRI', 44590, '2017-09-10', '2017-09-12', 8, 2, 3, '2018-06-23', '2018-06-23'),
	(2043, 'TRANSFERENC BANCOBCR - PAGO ALQUILER SEPTIEMBRE 2017', 225000, '2017-09-12', '2017-09-12', 8, 2, 3, '2018-06-23', '2018-06-23'),
	(2044, 'SINPE MOVIL OTRA ENT', 17505, '2017-09-13', '2017-09-13', 8, 2, 3, '2018-06-23', '2018-06-23'),
	(2045, 'INTERNET TRANSF PLAN - PLANILLA ADELANTO', 553310.45, '2017-09-14', '2017-09-14', 8, 3, 3, '2018-06-23', '2018-06-23'),
	(2046, 'COMPRAS EN COMERCIOS - NOVEDADES SIGLO XXI       -CRI', 22800, '2017-09-16', '2017-09-20', 8, 2, 3, '2018-06-23', '2018-06-23'),
	(2047, 'SINPE MOVIL OTRA ENT', 100000, '2017-09-20', '2017-09-20', 8, 2, 3, '2018-06-23', '2018-06-23'),
	(2048, 'DB ESPH AH BBCR      - ESPEH AGUA571085', 10245, '2017-09-20', '2017-09-20', 8, 2, 3, '2018-06-23', '2018-06-23'),
	(2049, 'RETIROS CAJ-AUT', 9000, '2017-09-21', '2017-09-22', 8, 2, 3, '2018-06-23', '2018-06-23'),
	(2050, 'COMPRAS EN COMERCIOS - EC-INS WEB GENERAL COL    -CRI', 10830, '2017-09-20', '2017-09-25', 8, 2, 3, '2018-06-23', '2018-06-23'),
	(2051, 'MONEDERO SINPE MOVIL', 15500, '2017-09-23', '2017-09-25', 8, 2, 3, '2018-06-23', '2018-06-23'),
	(2052, 'SINPE MOVIL OTRA ENT', 20000, '2017-09-23', '2017-09-25', 8, 2, 3, '2018-06-23', '2018-06-23'),
	(2053, 'COMPRAS EN COMERCIOS - TASTY PIZZA               -CRI', 11000, '2017-09-21', '2017-09-26', 8, 2, 3, '2018-06-23', '2018-06-23'),
	(2054, 'RETIROS CAJ-AUT', 37000, '2017-09-26', '2017-09-27', 8, 2, 3, '2018-06-23', '2018-06-23'),
	(2055, 'SINPE MOVIL OTRA ENT', 20000, '2017-09-26', '2017-09-27', 8, 2, 3, '2018-06-23', '2018-06-23'),
	(2056, 'SINPE MOVIL OTRA ENT', 10000, '2017-09-27', '2017-09-27', 8, 2, 3, '2018-06-23', '2018-06-23'),
	(2057, 'COMPRAS EN COMERCIOS - BICAFE HEREDIA            -CRI', 3200, '2017-09-26', '2017-09-28', 8, 2, 3, '2018-06-23', '2018-06-23'),
	(2058, 'RETIROS CAJ-AUT', 23000, '2017-09-28', '2017-09-29', 8, 2, 3, '2018-06-23', '2018-06-23'),
	(2059, 'INTERNET TRANSF PLAN - PLANILLA FIN DE MES', 429918.18, '2017-09-29', '2017-09-29', 8, 3, 3, '2018-06-23', '2018-06-23'),
	(2060, 'INTS GANADOS AHORROS', 5659.8, '2017-09-29', '2017-09-29', 8, 3, 3, '2018-06-23', '2018-06-23'),
	(2061, 'SINPE MOVIL OTRA ENT', 75000, '2017-10-01', '2017-10-02', 8, 2, 3, '2018-06-23', '2018-06-23'),
	(2062, 'TRANSFERENC BANCOBCR - PAGO DE JUEGO', 35000, '2017-09-30', '2017-10-02', 8, 3, 3, '2018-06-23', '2018-06-23'),
	(2063, 'TRANSFERENC BANCOBCR - PAGOS', 25000, '2017-10-06', '2017-10-06', 8, 3, 3, '2018-06-23', '2018-06-23'),
	(2064, 'COMPRAS EN COMERCIOS - INTENSA                   -CRI', 97500, '2017-10-04', '2017-10-09', 8, 2, 3, '2018-06-23', '2018-06-23'),
	(2065, 'TRANSFERENC BANCOBCR', 10000, '2017-10-08', '2017-10-09', 8, 2, 3, '2018-06-23', '2018-06-23'),
	(2066, 'TRANSFERENC BANCOBCR - POKEMON SAPHIRO', 12000, '2017-10-08', '2017-10-09', 8, 2, 3, '2018-06-23', '2018-06-23'),
	(2067, 'SINPE MOVIL OTRA ENT', 40000, '2017-10-09', '2017-10-09', 8, 2, 3, '2018-06-23', '2018-06-23'),
	(2068, 'ND AH ICETEL BANCOBC - ICETEL    85959410', 10405, '2017-10-10', '2017-10-10', 8, 2, 3, '2018-06-23', '2018-06-23'),
	(2069, 'ND AH ICETEL BANCOBC - ICETEL    84125295', 9015, '2017-10-10', '2017-10-10', 8, 2, 3, '2018-06-23', '2018-06-23'),
	(2070, 'COMPRAS EN COMERCIOS - SUPER MC                  -CRI', 1500, '2017-10-07', '2017-10-11', 8, 2, 3, '2018-06-23', '2018-06-23'),
	(2071, 'COMPRAS EN COMERCIOS - AUTO MERCADO PLAZA BRA    -CRI', 4670, '2017-10-07', '2017-10-11', 8, 2, 3, '2018-06-23', '2018-06-23'),
	(2072, 'RETIROS CAJ-AUT', 60000, '2017-10-10', '2017-10-11', 8, 2, 3, '2018-06-23', '2018-06-23'),
	(2073, 'RETIROS CAJ-AUT', 5000, '2017-10-10', '2017-10-11', 8, 2, 3, '2018-06-23', '2018-06-23'),
	(2074, 'TRANSFERENC BANCOBCR - PAGO ALQUILER OCTUBRE 2017', 224000, '2017-10-11', '2017-10-11', 8, 2, 3, '2018-06-23', '2018-06-23'),
	(2075, 'SINPE MOVIL OTRA ENT', 25000, '2017-10-11', '2017-10-11', 8, 2, 3, '2018-06-23', '2018-06-23'),
	(2076, 'RETIROS CAJ-AUT', 38000, '2017-10-12', '2017-10-13', 8, 2, 3, '2018-06-23', '2018-06-23'),
	(2077, 'INTERNET TRANSF PLAN - PLANILLA ADELANTO', 553310.45, '2017-10-13', '2017-10-13', 8, 3, 3, '2018-06-23', '2018-06-23'),
	(2078, 'TRANSFERENC BANCOBCR - PAGOS DE JUEGO', 40000, '2017-10-14', '2017-10-17', 8, 3, 3, '2018-06-23', '2018-06-23'),
	(2079, 'RETIROS CAJ-AUT', 20000, '2017-10-15', '2017-10-17', 8, 2, 3, '2018-06-23', '2018-06-23'),
	(2080, 'SINPE MOVIL OTRA ENT', 17280, '2017-10-18', '2017-10-18', 8, 2, 3, '2018-06-23', '2018-06-23'),
	(2081, 'COMPRAS EN COMERCIOS - RESTAURANTE MAR Y TIER    -CRI', 6200, '2017-10-15', '2017-10-20', 8, 2, 3, '2018-06-23', '2018-06-23'),
	(2082, 'SINPE MOVIL OTRA ENT', 80000, '2017-10-20', '2017-10-20', 8, 2, 3, '2018-06-23', '2018-06-23'),
	(2083, 'SINPE MOVIL OTRA ENT', 10000, '2017-10-20', '2017-10-20', 8, 2, 3, '2018-06-23', '2018-06-23'),
	(2084, 'DB ESPH AH BBCR      - ESPEH AGUA571085', 9879, '2017-10-20', '2017-10-20', 8, 2, 3, '2018-06-23', '2018-06-23'),
	(2085, 'COMPRAS EN COMERCIOS - TIGO IVR                  -CRI', 34726, '2017-10-18', '2017-10-23', 8, 2, 3, '2018-06-23', '2018-06-23'),
	(2086, 'SINPE MOVIL OTRA ENT', 50000, '2017-10-22', '2017-10-23', 8, 2, 3, '2018-06-23', '2018-06-23'),
	(2087, 'COMPRAS EN COMERCIOS - AUTO MERCADO PLAZA BRA    -CRI', 5999, '2017-10-20', '2017-10-25', 8, 2, 3, '2018-06-23', '2018-06-23'),
	(2088, 'INTERNET TRANSF PLAN - PLANILLA ESCOLAR', 5530.95, '2017-10-25', '2017-10-25', 8, 3, 3, '2018-06-23', '2018-06-23'),
	(2089, 'COMPRAS EN COMERCIOS - EC-INS WEB GENERAL COL    -CRI', 10830, '2017-10-20', '2017-10-26', 8, 2, 3, '2018-06-23', '2018-06-23'),
	(2090, 'TRANSFERENC BANCOBCR - REPUESTOS REXTON 2013', 142220, '2017-10-26', '2017-10-26', 8, 2, 3, '2018-06-23', '2018-06-23'),
	(2091, 'SINPE MOVIL OTRA ENT', 50000, '2017-10-26', '2017-10-26', 8, 2, 3, '2018-06-23', '2018-06-23'),
	(2092, 'RETIROS CAJ-AUT', 45000, '2017-10-26', '2017-10-27', 8, 2, 3, '2018-06-23', '2018-06-23'),
	(2093, 'INTERNET TRANSF PLAN - PLANILLA FIN DE MES', 431168.18, '2017-10-27', '2017-10-27', 8, 3, 3, '2018-06-23', '2018-06-23'),
	(2094, 'TRANSFERENC BANCOBCR - PAGOS DE JUEGO', 36000, '2017-10-28', '2017-10-30', 8, 3, 3, '2018-06-23', '2018-06-23'),
	(2095, 'RETIROS CAJ-AUT', 20000, '2017-10-28', '2017-10-30', 8, 2, 3, '2018-06-23', '2018-06-23'),
	(2096, 'INTS GANADOS AHORROS', 6597.8, '2017-10-31', '2017-10-31', 8, 3, 3, '2018-06-23', '2018-06-23'),
	(2097, 'SINPE MOVIL OTRA ENT', 50000, '2017-11-01', '2017-11-01', 8, 2, 3, '2018-06-23', '2018-06-23'),
	(2098, 'SINPE MOVIL OTRA ENT', 50000, '2017-11-02', '2017-11-02', 8, 2, 3, '2018-06-23', '2018-06-23'),
	(2099, 'DEPOSITOS            - LUIS FALLAS', 70000, '2017-11-02', '2017-11-02', 8, 3, 3, '2018-06-23', '2018-06-23'),
	(2100, 'SINPE MOVIL OTRA ENT', 50000, '2017-11-06', '2017-11-06', 8, 2, 3, '2018-06-23', '2018-06-23'),
	(2101, 'SINPE MOVIL OTRA ENT', 50000, '2017-11-06', '2017-11-06', 8, 2, 3, '2018-06-23', '2018-06-23'),
	(2102, 'COB AH AMNET         - AMNET     10813301', 36462.3, '2017-11-06', '2017-11-06', 8, 2, 3, '2018-06-23', '2018-06-23'),
	(2103, 'ND AH ICETEL BANCOBC - ICETEL    84125295', 9205, '2017-11-06', '2017-11-06', 8, 2, 3, '2018-06-23', '2018-06-23'),
	(2104, 'ND AH ICETEL BANCOBC - ICETEL    85959410', 13260, '2017-11-06', '2017-11-06', 8, 2, 3, '2018-06-23', '2018-06-23'),
	(2105, 'COMPRAS EN COMERCIOS - INTENSA                   -CRI', 97500, '2017-11-04', '2017-11-08', 8, 2, 3, '2018-06-23', '2018-06-23'),
	(2106, 'COMPRAS EN COMERCIOS - AM PM RINCON DE FLORES    -CRI', 4344, '2017-11-05', '2017-11-08', 8, 2, 3, '2018-06-23', '2018-06-23'),
	(2107, 'COMPRAS EN COMERCIOS - EXTREME TECHNOLOGY CORP   -CRI', 30000, '2017-11-08', '2017-11-10', 8, 2, 3, '2018-06-23', '2018-06-23'),
	(2108, 'RETIROS CAJ-AUT', 50000, '2017-11-09', '2017-11-10', 8, 2, 3, '2018-06-23', '2018-06-23'),
	(2109, 'SINPE MOVIL OTRA ENT', 50000, '2017-11-10', '2017-11-10', 8, 2, 3, '2018-06-23', '2018-06-23'),
	(2110, 'SINPE MOVIL OTRA ENT', 50000, '2017-11-10', '2017-11-10', 8, 2, 3, '2018-06-23', '2018-06-23'),
	(2111, 'TRANSFERENC BANCOBCR - PAGO ALQUILER NOVIEMBRE 2017', 225000, '2017-11-10', '2017-11-10', 8, 2, 3, '2018-06-23', '2018-06-23'),
	(2112, 'COMPRAS EN COMERCIOS - CINEPOLIS P.FLORES CIN    -CRI', 15500, '2017-11-08', '2017-11-13', 8, 2, 3, '2018-06-23', '2018-06-23'),
	(2113, 'TRANSFERENC BANCOBCR - PAGOS DE JUEGO', 60000, '2017-11-11', '2017-11-13', 8, 3, 3, '2018-06-23', '2018-06-23'),
	(2114, 'DEPOSITOS            - WENDOLYN MADRIGAL', 45000, '2017-11-13', '2017-11-13', 8, 3, 3, '2018-06-23', '2018-06-23'),
	(2115, 'INTERNET COMIS SINPE - COBRO DE COMISION TXN', 1149, '2017-11-13', '2017-11-13', 8, 2, 3, '2018-06-23', '2018-06-23'),
	(2116, 'INTERNET TFT SINPE', 172500, '2017-11-13', '2017-11-13', 8, 2, 3, '2018-06-23', '2018-06-23'),
	(2117, 'RETIROS CAJ-AUT', 15000, '2017-11-13', '2017-11-14', 8, 2, 3, '2018-06-23', '2018-06-23'),
	(2118, 'INTERNET TRANSF PLAN - PLANILLA ADELANTO', 553310.45, '2017-11-14', '2017-11-14', 8, 3, 3, '2018-06-23', '2018-06-23'),
	(2119, 'INTERNET TFT SINPE', 100000, '2017-11-14', '2017-11-14', 8, 2, 3, '2018-06-23', '2018-06-23'),
	(2120, 'INTERNET COMIS SINPE - COBRO DE COMISION TXN', 1149, '2017-11-14', '2017-11-14', 8, 2, 3, '2018-06-23', '2018-06-23'),
	(2121, 'DB ESPH AH BBCR      - ESPEH AGUA571085', 8503, '2017-11-16', '2017-11-16', 8, 2, 3, '2018-06-23', '2018-06-23'),
	(2122, 'SINPE MOVIL OTRA ENT', 80000, '2017-11-16', '2017-11-17', 8, 2, 3, '2018-06-23', '2018-06-23'),
	(2123, 'TRANSFERENC BANCOBCR - 4 POKEMON ULTRASUN 3 ULTRAMOON', 185000, '2017-11-16', '2017-11-17', 8, 2, 3, '2018-06-23', '2018-06-23'),
	(2124, 'DEPOSITOS            - ABIGAIL LOAIZA', 255000, '2017-11-20', '2017-11-20', 8, 3, 3, '2018-06-23', '2018-06-23'),
	(2125, 'TRANSFERENC BANCOBCR - CAMARA', 255000, '2017-11-21', '2017-11-21', 8, 2, 3, '2018-06-23', '2018-06-23'),
	(2126, 'RETIROS CAJ-AUT', 5000, '2017-11-22', '2017-11-23', 8, 2, 3, '2018-06-23', '2018-06-23'),
	(2127, 'COMPRAS EN COMERCIOS - EC-INS WEB GENERAL COL    -CRI', 10854, '2017-11-23', '2017-11-27', 8, 2, 3, '2018-06-23', '2018-06-23'),
	(2128, 'TRANSFERENC BANCOBCR - PAGOS DE JUEGO', 27900, '2017-11-25', '2017-11-27', 8, 3, 3, '2018-06-23', '2018-06-23'),
	(2129, 'SINPE MOVIL OTRA ENT', 30000, '2017-11-27', '2017-11-28', 8, 2, 3, '2018-06-23', '2018-06-23'),
	(2130, 'TRANSFERENC BANCOBCR - COMPRA DE PC', 379000, '2017-11-28', '2017-11-28', 8, 2, 3, '2018-06-23', '2018-06-23'),
	(2131, 'INTERNET TRANSF PLAN - PLANILLA FIN DE MES', 431168.18, '2017-11-28', '2017-11-28', 8, 3, 3, '2018-06-23', '2018-06-23'),
	(2132, 'COMPRAS EN COMERCIOS - ZYONCORP (TIENDA)         -CRI', 29990, '2017-11-24', '2017-11-29', 8, 2, 3, '2018-06-23', '2018-06-23'),
	(2133, 'INTS GANADOS AHORROS', 5728.75, '2017-11-30', '2017-11-30', 8, 3, 3, '2018-06-23', '2018-06-23'),
	(2134, 'SINPE MOVIL OTRA ENT', 50000, '2017-11-30', '2017-11-30', 8, 2, 3, '2018-06-23', '2018-06-23'),
	(2135, 'TRANSFERENC BANCOBCR - AGUINALDO', 500000, '2017-12-01', '2017-12-01', 8, 2, 3, '2018-06-23', '2018-06-23'),
	(2136, 'INTERNET TRANSF PLAN - PLANILLA AGUINALDO', 1375578.35, '2017-12-01', '2017-12-01', 8, 3, 3, '2018-06-23', '2018-06-23'),
	(2137, 'COMPRAS EN COMERCIOS - SUPER SALON GUAPILES 011  -CRI', 29900, '2017-12-02', '2017-12-04', 8, 2, 3, '2018-06-23', '2018-06-23'),
	(2138, 'CREDITO INTERBANCARI - FONDO DE BENEFILUIS ANDRES FAL', 371049.46, '2017-12-04', '2017-12-04', 8, 3, 3, '2018-06-23', '2018-06-23'),
	(2139, 'COMPRAS EN COMERCIOS - CARNICERIA Y CHICHARRO    -CRI', 19900, '2017-12-02', '2017-12-05', 8, 2, 3, '2018-06-23', '2018-06-23'),
	(2140, 'TRANSFERENC BANCOBCR - VENTA QUEQUES NAVIDENIOS', 54000, '2017-12-06', '2017-12-06', 8, 2, 3, '2018-06-23', '2018-06-23'),
	(2141, 'COMPRAS EN COMERCIOS - INTENSA                   -CRI', 146250, '2017-12-02', '2017-12-07', 8, 2, 3, '2018-06-23', '2018-06-23'),
	(2142, 'ND AH ICETEL BANCOBC - ICETEL    17913686', 19370, '2017-12-07', '2017-12-07', 8, 2, 3, '2018-06-23', '2018-06-23'),
	(2143, 'ND AH ICETEL BANCOBC - ICETEL    27111186', 8970, '2017-12-07', '2017-12-07', 8, 2, 3, '2018-06-23', '2018-06-23'),
	(2144, 'ND AH ICETEL BANCOBC - ICETEL    85959410', 11385, '2017-12-07', '2017-12-07', 8, 2, 3, '2018-06-23', '2018-06-23'),
	(2145, 'ND AH ICETEL BANCOBC - ICETEL    83399928', 12800, '2017-12-07', '2017-12-07', 8, 2, 3, '2018-06-23', '2018-06-23'),
	(2146, 'ND AH ICETEL BANCOBC - ICETEL    84125295', 10030, '2017-12-07', '2017-12-07', 8, 2, 3, '2018-06-23', '2018-06-23'),
	(2147, 'COB AH AMNET         - AMNET     10813301', 34726, '2017-12-07', '2017-12-07', 8, 2, 3, '2018-06-23', '2018-06-23'),
	(2148, 'DEPOSITOS            - LUIS FALLAS', 30000, '2017-12-08', '2017-12-08', 8, 3, 3, '2018-06-23', '2018-06-23'),
	(2149, 'TRANSFERENC BANCOBCR - PAGO ALQUILER DICIEMBRE 2017', 226000, '2017-12-10', '2017-12-11', 8, 2, 3, '2018-06-23', '2018-06-23'),
	(2150, 'INTERNET TRANSF PLAN - PLANILLA FIN DE MES', 984478.63, '2017-12-13', '2017-12-13', 8, 3, 3, '2018-06-23', '2018-06-23'),
	(2151, 'RETIROS CAJ-AUT', 12000, '2017-12-13', '2017-12-13', 8, 2, 3, '2018-06-23', '2018-06-23'),
	(2152, 'ANUALIDAD MASTERC AH', 5720, '2017-12-15', '2017-12-15', 8, 2, 3, '2018-06-23', '2018-06-23'),
	(2153, 'DB AH CONAPE BBCR    - CONAPE    30791240', 39444.34, '2017-12-17', '2017-12-18', 8, 2, 3, '2018-06-23', '2018-06-23'),
	(2154, 'DB AH CONAPE BBCR    - CONAPE    30791240', 39471.03, '2017-12-17', '2017-12-18', 8, 2, 3, '2018-06-23', '2018-06-23'),
	(2155, 'DB AH CONAPE BBCR    - CONAPE    30791240', 39491.05, '2017-12-17', '2017-12-18', 8, 2, 3, '2018-06-23', '2018-06-23'),
	(2156, 'COMPRAS EN COMERCIOS - BAZAR ALICIA              -CRI', 45695, '2017-12-17', '2017-12-19', 8, 2, 3, '2018-06-23', '2018-06-23'),
	(2157, 'DB ESPH AH BBCR      - ESPEH AGUA571085', 8294, '2017-12-19', '2017-12-19', 8, 2, 3, '2018-06-23', '2018-06-23'),
	(2158, 'INTERNET COMIS SINPE - COBRO DE COMISION TXN', 1144, '2017-12-19', '2017-12-19', 8, 2, 3, '2018-06-23', '2018-06-23'),
	(2159, 'INTERNET TFT SINPE', 151300, '2017-12-19', '2017-12-19', 8, 2, 3, '2018-06-23', '2018-06-23'),
	(2160, 'DEPOSITOS            - LUIS FALLAS GRANT', 200000, '2017-12-20', '2017-12-20', 8, 3, 3, '2018-06-23', '2018-06-23'),
	(2161, 'COMPRAS EN COMERCIOS - SUPER SALON               -CRI', 120010, '2017-12-19', '2017-12-21', 8, 2, 3, '2018-06-23', '2018-06-23'),
	(2162, 'COMPRAS EN COMERCIOS - EC-INS WEB GENERAL COL    -CRI', 10830, '2017-12-19', '2017-12-22', 8, 2, 3, '2018-06-23', '2018-06-23'),
	(2163, 'INTS GANADOS AHORROS', 6869.7, '2017-12-29', '2017-12-29', 8, 3, 3, '2018-06-23', '2018-06-23'),
	(2164, '22-07-18 PAGO CREDIX 502286/LUIS ANDRES FALLAS V', 37500, '2018-07-23', '2018-07-23', 8, 2, 4, '2018-07-22', '2018-07-22'),
	(2165, '22-07-18 Q2/LUIS ANDRES FALLAS VALENCIANO', 80000, '2018-07-23', '2018-07-23', 8, 3, 4, '2018-07-22', '2018-07-22'),
	(2166, '20-07-18 UBER TRIP MRPFV 800-592-8996 NLD/BNCR', 1013.08, '2018-07-23', '2018-07-23', 8, 2, 4, '2018-07-22', '2018-07-22'),
	(2167, '20-07-18 UBER TRIP 5DTPG 800-592-8996 NLD/BNCR', 1250.5, '2018-07-23', '2018-07-23', 8, 2, 4, '2018-07-22', '2018-07-22'),
	(2168, '18-07-18 AUTO MERCADO PLAZA BRA HEREDIA CRI/BNCR', 2645, '2018-07-20', '2018-07-20', 8, 2, 4, '2018-07-22', '2018-07-22'),
	(2169, '17-07-18 SUPER MC HEREDIA CRI/BNCR', 3240, '2018-07-20', '2018-07-20', 8, 2, 4, '2018-07-22', '2018-07-22'),
	(2170, '19-07-18 UBER TRIP PZRZK 800-592-8996 NLD/BNCR', 1248.96, '2018-07-20', '2018-07-20', 8, 2, 4, '2018-07-22', '2018-07-22'),
	(2171, '19-07-18 UBER TRIP INMG5 800-592-8996 NLD/BNCR', 1605.87, '2018-07-20', '2018-07-20', 8, 2, 4, '2018-07-22', '2018-07-22'),
	(2172, 'TRANSFERENCIA POR BN CELULA/ANDREY ALONSO VASQUE', 3500, '2018-07-20', '2018-07-20', 8, 2, 4, '2018-07-22', '2018-07-22'),
	(2173, '18-07-18 UBER TRIP DB7Q6 800-592-8996 NLD/BNCR', 997.19, '2018-07-19', '2018-07-19', 8, 2, 4, '2018-07-22', '2018-07-22'),
	(2174, '17-07-18 AM PM RINCON DE FLORES ALAJUELA CRI/BNCR', 2185, '2018-07-19', '2018-07-19', 8, 2, 4, '2018-07-22', '2018-07-22'),
	(2175, '18-07-18 POPS FANTASIA HEREDIA HEREDIA CRI/BNCR', 1645, '2018-07-19', '2018-07-19', 8, 2, 4, '2018-07-22', '2018-07-22'),
	(2176, '18-07-18 INTENSA SAN JOSE CRI/BNCR', 14500, '2018-07-19', '2018-07-19', 8, 2, 4, '2018-07-22', '2018-07-22'),
	(2177, 'TRANSFERENCIA POR BN CELU/BATISTA BRENES EDUAR', 1000, '2018-07-18', '2018-07-18', 8, 2, 4, '2018-07-22', '2018-07-22'),
	(2178, '16-07-18 SODA DONA SOCORRO HEREDIA CRI/BNCR', 1300, '2018-07-17', '2018-07-17', 8, 2, 4, '2018-07-22', '2018-07-22'),
	(2179, '16-07-18 SERVICOEM GRAVPA HEREDIA CRI/BNCR', 2200, '2018-07-17', '2018-07-17', 8, 2, 4, '2018-07-22', '2018-07-22'),
	(2180, 'TRANSFERENCIA POR BN CELULAR/OSCAR GOMEZ SILVA', 1200, '2018-07-17', '2018-07-17', 8, 2, 4, '2018-07-22', '2018-07-22'),
	(2181, '14-07-18 UBER TRIP GXOYX 800-592-8996 NLD/BNCR', 1651.86, '2018-07-16', '2018-07-16', 8, 2, 4, '2018-07-22', '2018-07-22'),
	(2182, 'Q1/LUIS ANDRES FALLAS V', 50000, '2018-07-13', '2018-07-13', 8, 3, 4, '2018-07-22', '2018-07-22'),
	(2183, '07-07-18 PAYPAL HAMZARAKIB4 4029357733 LUX/BNCR', 2987, '2018-07-09', '2018-07-09', 8, 2, 4, '2018-07-22', '2018-07-22'),
	(2184, '06-07-18 UBER BV VORDEN NLD/BNCR', 2934.67, '2018-07-09', '2018-07-09', 8, 2, 4, '2018-07-22', '2018-07-22'),
	(2185, '05-07-18 AM PM RINCON DE FLORES ALAJUELA CRI/BNCR', 4520, '2018-07-09', '2018-07-09', 8, 2, 4, '2018-07-22', '2018-07-22'),
	(2186, '06-07-18 UBER TRIP ZTZ5Q 800-592-8996 NLD/BNCR', 4114.36, '2018-07-09', '2018-07-09', 8, 2, 4, '2018-07-22', '2018-07-22'),
	(2187, '04-07-18 MINI SUPER ECONOMICO LIMON CRI/BNCR', 3350, '2018-07-06', '2018-07-06', 8, 2, 4, '2018-07-22', '2018-07-22'),
	(2188, '04-07-18 AUTO MERCADO PLAZA BRA HEREDIA CRI/BNCR', 1325, '2018-07-06', '2018-07-06', 8, 2, 4, '2018-07-22', '2018-07-22'),
	(2189, 'TRANSFERENCIA POR BN CELULAR/MONICA ARLEY VALVERD', 2000, '2018-07-03', '2018-07-03', 8, 3, 4, '2018-07-22', '2018-07-22'),
	(2190, '29-06-18 UBER TRIP MUCLG 800-592-8996 NLD/BNCR', 999.59, '2018-07-02', '2018-07-02', 8, 2, 4, '2018-07-22', '2018-07-22'),
	(2191, '28-06-18 RESTAURANTE TACO BELL HEREDIA CRI/BNCR', 3500, '2018-07-02', '2018-07-02', 8, 2, 4, '2018-07-22', '2018-07-22'),
	(2192, '01-07-18 PAGO RECIBO DESDE/LUIS FALLAS VALENCIA', 2000, '2018-07-02', '2018-07-02', 8, 2, 4, '2018-07-22', '2018-07-22'),
	(2193, '30-06-18 AM PM RINCON DE FLORES ALAJUELA CRI/BNCR', 4334, '2018-07-02', '2018-07-02', 8, 2, 4, '2018-07-22', '2018-07-22'),
	(2194, '30-06-18 AUTO MERCADO PLAZA BRA HEREDIA CRI/BNCR', 1380, '2018-07-02', '2018-07-02', 8, 2, 4, '2018-07-22', '2018-07-22'),
	(2195, '30-06-18 SUPER MC HEREDIA CRI/BNCR', 5270, '2018-07-02', '2018-07-02', 8, 2, 4, '2018-07-22', '2018-07-22'),
	(2196, '29-06-18 SODA DONA SOCORRO HEREDIA CRI/BNCR', 1500, '2018-07-02', '2018-07-02', 8, 2, 4, '2018-07-22', '2018-07-22'),
	(2197, '29-06-18 ENTRE-NOUS CENTRO CRI/BNCR', 4950, '2018-07-02', '2018-07-02', 8, 2, 4, '2018-07-22', '2018-07-22'),
	(2198, '28-06-18 BOL CARIARI BOLICHE HEREDIA CRI/BNCR', 4300, '2018-06-29', '2018-06-29', 8, 2, 4, '2018-07-22', '2018-07-22'),
	(2199, '28-06-18 SODA DONA SOCORRO HEREDIA CRI/BNCR', 1100, '2018-06-29', '2018-06-29', 8, 2, 4, '2018-07-22', '2018-07-22'),
	(2200, '27-06-18 AUTO MERCADO PLAZA BRA HEREDIA CRI/BNCR', 1795, '2018-06-29', '2018-06-29', 8, 2, 4, '2018-07-22', '2018-07-22'),
	(2201, '27-06-18 UBER TRIP FMSNX 800-592-8996 NLD/BNCR', 953.17, '2018-06-28', '2018-06-28', 8, 2, 4, '2018-07-22', '2018-07-22'),
	(2202, '27-06-18 SERVICOEM GRAVPA HEREDIA CRI/BNCR', 2200, '2018-06-28', '2018-06-28', 8, 2, 4, '2018-07-22', '2018-07-22'),
	(2203, '27-06-18 AMZ AMAZON.COM PYMNTS AMAZON.COM WA/BNCR', 21894.53, '2018-06-28', '2018-06-28', 8, 2, 4, '2018-07-22', '2018-07-22'),
	(2204, 'Q1 GUNDAM/LUIS ANDRES FALLAS V', 72000, '2018-06-27', '2018-06-27', 8, 3, 4, '2018-07-22', '2018-07-22'),
	(2205, 'CAFE JP/LUIS FALLAS VALENCIA', 2000, '2018-06-27', '2018-06-27', 8, 2, 4, '2018-07-22', '2018-07-22'),
	(2206, '22-06-18 UBER TRIP PVTAP 800-592-8996 NLD/BNCR', 936.19, '2018-06-25', '2018-06-25', 8, 2, 4, '2018-07-22', '2018-07-22'),
	(2207, '21-06-18 UBER TRIP V5TMK 800-592-8996 NLD/BNCR', 1107.13, '2018-06-22', '2018-06-22', 8, 2, 4, '2018-07-22', '2018-07-22'),
	(2208, '19-06-18 UBER TRIP LZ5B6 800-592-8996 NLD/BNCR', 842.4, '2018-06-20', '2018-06-20', 8, 2, 4, '2018-07-22', '2018-07-22'),
	(2209, 'DESYUNO/LUIS FALLAS VALENCIA', 3000, '2018-06-19', '2018-06-19', 8, 2, 4, '2018-07-22', '2018-07-22'),
	(2210, 'PIZZA ANDREY/RONALD ANTONIO ALVAR', 3970, '2018-06-18', '2018-06-18', 8, 3, 4, '2018-07-22', '2018-07-22'),
	(2211, 'TRANSFERENCIA POR BN CELULAR/SEIDY MATARRITA LOPE', 500, '2018-06-18', '2018-06-18', 8, 3, 4, '2018-07-22', '2018-07-22'),
	(2212, 'TRANSFERENCIA POR BN CELULAR/SANDRA SEGURA ARIAS', 500, '2018-06-18', '2018-06-18', 8, 3, 4, '2018-07-22', '2018-07-22'),
	(2213, 'TRANSFERENCIA POR BN CELULAR/IVAN ARGUELLO OVIEDO', 500, '2018-06-18', '2018-06-18', 8, 3, 4, '2018-07-22', '2018-07-22'),
	(2214, 'TRANSFERENCIA POR BN CELUL/CAMPOS RODRIGUEZ SER', 4458, '2018-06-15', '2018-06-15', 8, 2, 4, '2018-07-22', '2018-07-22'),
	(2215, '13-06-18 UBER TRIP LF7YD 800-592-8996 NLD/BNCR', 882.42, '2018-06-14', '2018-06-14', 8, 2, 4, '2018-07-22', '2018-07-22'),
	(2216, '13-06-18 SERVICOEM GRAVPA HEREDIA CRI/BNCR', 2200, '2018-06-14', '2018-06-14', 8, 2, 4, '2018-07-22', '2018-07-22'),
	(2217, '12-06-18 AM PM RINCON DE FLORES ALAJUELA CRI/BNCR', 2201, '2018-06-14', '2018-06-14', 8, 2, 4, '2018-07-22', '2018-07-22'),
	(2218, '13-06-18 UBER TRIP 3TXLC 800-592-8996 NLD/BNCR', 1434.37, '2018-06-14', '2018-06-14', 8, 2, 4, '2018-07-22', '2018-07-22'),
	(2219, '12-06-18 POPS FANTASIA HEREDIA HEREDIA CRI/BNCR', 1000, '2018-06-13', '2018-06-13', 8, 2, 4, '2018-07-22', '2018-07-22'),
	(2220, 'TRANSFERENCIA POR BN CELU/ARGUELLO OVIEDO IVAN', 2000, '2018-06-13', '2018-06-13', 8, 2, 4, '2018-07-22', '2018-07-22'),
	(2221, '11-06-18 AM PM RINCON DE FLORES ALAJUELA CRI/BNCR', 1440, '2018-06-13', '2018-06-13', 8, 2, 4, '2018-07-22', '2018-07-22'),
	(2222, '12-06-18 BAR BULEVAR RELAX HEREDIA CRI/BNCR', 2500, '2018-06-13', '2018-06-13', 8, 2, 4, '2018-07-22', '2018-07-22'),
	(2223, '11-06-18 AM PM RINCON DE FLORES ALAJUELA CRI/BNCR', 4849, '2018-06-13', '2018-06-13', 8, 2, 4, '2018-07-22', '2018-07-22'),
	(2224, '11-06-18 SERVICOEM GRAVPA HEREDIA CRI/BNCR', 2200, '2018-06-12', '2018-06-12', 8, 2, 4, '2018-07-22', '2018-07-22'),
	(2225, '11-06-18 SODA DONA SOCORRO HEREDIA CRI/BNCR', 1500, '2018-06-12', '2018-06-12', 8, 2, 4, '2018-07-22', '2018-07-22'),
	(2226, '08-06-18 UBER TRIP CZWT7 800-592-8996 NLD/BNCR', 965.5, '2018-06-11', '2018-06-11', 8, 2, 4, '2018-07-22', '2018-07-22'),
	(2227, '08-06-18 AUTO MERCADO PLAZA BRA HEREDIA CRI/BNCR', 1270, '2018-06-11', '2018-06-11', 8, 2, 4, '2018-07-22', '2018-07-22'),
	(2228, '08-06-18 TACOTITLAN HEREDIA CRI/BNCR', 4750, '2018-06-11', '2018-06-11', 8, 2, 4, '2018-07-22', '2018-07-22'),
	(2229, '07-06-18 SODA DONA SOCORRO HEREDIA CRI/BNCR', 1350, '2018-06-08', '2018-06-08', 8, 2, 4, '2018-07-22', '2018-07-22'),
	(2230, 'TRANSFERENCIA POR BN CELULAR/MONICA ARLEY VALVERD', 3400, '2018-06-08', '2018-06-08', 8, 3, 4, '2018-07-22', '2018-07-22'),
	(2231, '07-06-18 SERVICOEM GRAVPA HEREDIA CRI/BNCR', 4400, '2018-06-08', '2018-06-08', 8, 2, 4, '2018-07-22', '2018-07-22'),
	(2232, 'Q1 2/LUIS ANDRES FALLAS V', 25000, '2018-06-08', '2018-06-08', 8, 3, 4, '2018-07-22', '2018-07-22'),
	(2233, 'TRANSFERENCIA POR BN CELULAR/MONICA ARLEY VALVERD', 2000, '2018-06-07', '2018-06-07', 8, 3, 4, '2018-07-22', '2018-07-22'),
	(2234, 'TRANSFERENCIA POR BN CELUL/ANDREY VASQUEZ CESPE', 2000, '2018-06-07', '2018-06-07', 8, 3, 4, '2018-07-22', '2018-07-22'),
	(2235, 'TRANSFERENCIA POR BN CELU/BATISTA BRENES EDUAR', 1000, '2018-06-07', '2018-06-07', 8, 2, 4, '2018-07-22', '2018-07-22'),
	(2236, '06-06-18 UBER TRIP WG63I 800-592-8996 NLD/BNCR', 983.05, '2018-06-07', '2018-06-07', 8, 2, 4, '2018-07-22', '2018-07-22'),
	(2237, 'TRANSFERENCIA POR BN CELU/ANDREY ALONSO VASQUE', 10000, '2018-06-06', '2018-06-06', 8, 2, 4, '2018-07-22', '2018-07-22'),
	(2238, 'SPOTIFY/RONALD ANTONIO ALVAR', 4250, '2018-06-06', '2018-06-06', 8, 3, 4, '2018-07-22', '2018-07-22'),
	(2239, 'TRANSFERENCIA POR BN CELU/BATISTA BRENES EDUAR', 1000, '2018-06-06', '2018-06-06', 8, 2, 4, '2018-07-22', '2018-07-22'),
	(2240, '04-06-18 GOOGLE KONAMI G.CO HELPPAY GBR/BNCR', 600, '2018-06-05', '2018-06-05', 8, 2, 4, '2018-07-22', '2018-07-22'),
	(2241, 'TRANSFERENCIA POR BN CELULA/RAYO DAVILA JOSE RAM', 20000, '2018-06-05', '2018-06-05', 8, 2, 4, '2018-07-22', '2018-07-22'),
	(2242, '01-06-18 QUIZNOS HEREDIA HEREDIA CRI/BNCR', 3350, '2018-06-04', '2018-06-04', 8, 2, 4, '2018-07-22', '2018-07-22'),
	(2243, '01-06-18 SODA DONA SOCORRO HEREDIA CRI/BNCR', 2400, '2018-06-04', '2018-06-04', 8, 2, 4, '2018-07-22', '2018-07-22'),
	(2244, '30-05-18 AUTO MERCADO PLAZA BRA HEREDIA CRI/BNCR', 1445, '2018-06-01', '2018-06-01', 8, 2, 4, '2018-07-22', '2018-07-22'),
	(2245, '31-05-18 UBER TRIP 64K2A 800-592-8996 NLD/BNCR', 1417.66, '2018-06-01', '2018-06-01', 8, 2, 4, '2018-07-22', '2018-07-22'),
	(2246, '31-05-18 KINGSMAN HEREDIA CRI/BNCR', 4000, '2018-06-01', '2018-06-01', 8, 2, 4, '2018-07-22', '2018-07-22'),
	(2247, '31-05-18 SERVICOEM GRAVPA HEREDIA CRI/BNCR', 2200, '2018-06-01', '2018-06-01', 8, 2, 4, '2018-07-22', '2018-07-22'),
	(2248, '30-05-18 FARMACIA SUCRE OBOTICA HEREDIA CRI/BNCR', 2235, '2018-05-31', '2018-05-31', 8, 2, 4, '2018-07-22', '2018-07-22'),
	(2249, '29-05-18 AM PM RINCON DE FLORES ALAJUELA CRI/BNCR', 2110, '2018-05-31', '2018-05-31', 8, 2, 4, '2018-07-22', '2018-07-22'),
	(2250, '30-05-18 SERVICOEM GRAVPA HEREDIA CRI/BNCR', 2200, '2018-05-31', '2018-05-31', 8, 2, 4, '2018-07-22', '2018-07-22'),
	(2251, 'RECHICKEN/ESTEVEN EDUARDO FALL', 6000, '2018-05-31', '2018-05-31', 8, 3, 4, '2018-07-22', '2018-07-22'),
	(2252, '30-05-18 UBER TRIP K5X2F 800-592-8996 NLD/BNCR', 964.07, '2018-05-31', '2018-05-31', 8, 2, 4, '2018-07-22', '2018-07-22'),
	(2253, '28-05-18 ABARROTES ESTRELLA DEL HEREDIA CRI/BNCR', 3200, '2018-05-30', '2018-05-30', 8, 2, 4, '2018-07-22', '2018-07-22'),
	(2254, '29-05-18 SERVICOEM GRAVPA HEREDIA CRI/BNCR', 2200, '2018-05-30', '2018-05-30', 8, 2, 4, '2018-07-22', '2018-07-22'),
	(2255, '29-05-18 ATM PLAZA HEREDIA HEREDIA CRI/BNCR', 4000, '2018-05-30', '2018-05-30', 8, 2, 4, '2018-07-22', '2018-07-22'),
	(2256, 'Q1/LUIS ANDRES FALLAS V', 50000, '2018-05-30', '2018-05-30', 8, 3, 4, '2018-07-22', '2018-07-22'),
	(2257, 'COMISION CAJEROS MASTER CARD CTA AHOR/BNCR', 715, '2018-05-30', '2018-05-30', 8, 2, 4, '2018-07-22', '2018-07-22'),
	(2258, '28-05-18 SERVICOEM GRAVPA HEREDIA CRI/BNCR', 2200, '2018-05-29', '2018-05-29', 8, 2, 4, '2018-07-22', '2018-07-22'),
	(2259, '26-05-18 SPOTIFY P061CF6D69 STOCKHOLM SWE/BNCR', 5086.35, '2018-05-28', '2018-05-28', 8, 2, 4, '2018-07-22', '2018-07-22'),
	(2260, 'Q2/LUIS ANDRES FALLAS V', 25000, '2018-05-25', '2018-05-25', 8, 3, 4, '2018-07-22', '2018-07-22'),
	(2261, '23-05-18 AUTO MERCADO PLAZA BRA HEREDIA CRI/BNCR', 1860, '2018-05-25', '2018-05-25', 8, 2, 4, '2018-07-22', '2018-07-22'),
	(2262, 'SERVICIO UBER/RONALD ANTONIO ALVAR', 1822, '2018-05-25', '2018-05-25', 8, 3, 4, '2018-07-22', '2018-07-22'),
	(2263, '24-05-18 UBER TRIP 7Z6TV 800-592-8996 NLD/BNCR', 1822.26, '2018-05-25', '2018-05-25', 8, 2, 4, '2018-07-22', '2018-07-22'),
	(2264, '23-05-18 UBER TRIP RWZA7 800-592-8996 NLD/BNCR', 987.55, '2018-05-25', '2018-05-25', 8, 2, 4, '2018-07-22', '2018-07-22'),
	(2265, 'PIZZA/LUIS FALLAS VALENCIA', 4425, '2018-05-25', '2018-05-25', 8, 2, 4, '2018-07-22', '2018-07-22'),
	(2266, '23-05-18 SERVICOEM GRAVPA HEREDIA CRI/BNCR', 2200, '2018-05-24', '2018-05-24', 8, 2, 4, '2018-07-22', '2018-07-22'),
	(2267, '21-05-18 ABARROTES ESTRELLA DEL HEREDIA CRI/BNCR', 4800, '2018-05-23', '2018-05-23', 8, 2, 4, '2018-07-22', '2018-07-22'),
	(2268, '22-05-18 FOTOGRAFIA PLUS HEREDIA CRI/BNCR', 3000, '2018-05-23', '2018-05-23', 8, 2, 4, '2018-07-22', '2018-07-22'),
	(2269, '22-05-18 SERVICOEM GRAVPA HEREDIA CRI/BNCR', 2200, '2018-05-23', '2018-05-23', 8, 2, 4, '2018-07-22', '2018-07-22'),
	(2270, '21-05-18 AM PM RINCON DE FLORES ALAJUELA CRI/BNCR', 1500, '2018-05-23', '2018-05-23', 8, 2, 4, '2018-07-22', '2018-07-22'),
	(2271, '17-05-18 STEAMGAMES.COM 425-952-2985 GBR/BNCR', 14950, '2018-05-23', '2018-05-23', 8, 2, 4, '2018-07-22', '2018-07-22'),
	(2272, '21-05-18 SERVICOEM GRAVPA HEREDIA CRI/BNCR', 2200, '2018-05-22', '2018-05-22', 8, 2, 4, '2018-07-22', '2018-07-22'),
	(2273, '20-05-18 AM PM RINCON DE FLORES ALAJUELA CRI/BNCR', 4915, '2018-05-22', '2018-05-22', 8, 2, 4, '2018-07-22', '2018-07-22'),
	(2274, '20-05-18 RESTAURANTE COMIDA RIC HEREDIA CRI/BNCR', 5800, '2018-05-22', '2018-05-22', 8, 2, 4, '2018-07-22', '2018-07-22'),
	(2275, '18-05-18 UBER TRIP UC7J6 800-592-8996 NLD/BNCR', 965.75, '2018-05-21', '2018-05-21', 8, 2, 4, '2018-07-22', '2018-07-22'),
	(2276, '18-05-18 AUTO MERCADO PLAZA BRA HEREDIA CRI/BNCR', 780, '2018-05-21', '2018-05-21', 8, 2, 4, '2018-07-22', '2018-07-22'),
	(2277, '18-05-18 LA GALERIA SLOW FOOD HEREDIA CRI/BNCR', 7000, '2018-05-21', '2018-05-21', 8, 2, 4, '2018-07-22', '2018-07-22'),
	(2278, '19-05-18 TRANSFERENCIA PO/EVA MARIA VALENCIANO', 10000, '2018-05-21', '2018-05-21', 8, 2, 4, '2018-07-22', '2018-07-22'),
	(2279, '19-05-18 QUIZNOS PASEO DE LAS F HEREDIA CRI/BNCR', 4200, '2018-05-21', '2018-05-21', 8, 2, 4, '2018-07-22', '2018-07-22'),
	(2280, '16-05-18 AUTO MERCADO PLAZA BRA HEREDIA CRI/BNCR', 1590, '2018-05-18', '2018-05-18', 8, 2, 4, '2018-07-22', '2018-07-22'),
	(2281, '15-05-18 FARMAVALUE HEREDIA SAN JOSE CRI/BNCR', 15142, '2018-05-17', '2018-05-17', 8, 2, 4, '2018-07-22', '2018-07-22'),
	(2282, 'CELULAR MA/LUIS ANDRES FALLAS V', 30000, '2018-05-17', '2018-05-17', 8, 3, 4, '2018-07-22', '2018-07-22'),
	(2283, '15-05-18 AM PM RINCON DE FLORES ALAJUELA CRI/BNCR', 1225, '2018-05-17', '2018-05-17', 8, 2, 4, '2018-07-22', '2018-07-22'),
	(2284, 'Q2/LUIS ANDRES FALLAS V', 25000, '2018-05-17', '2018-05-17', 8, 3, 4, '2018-07-22', '2018-07-22'),
	(2285, '16-05-18 UBER TRIP 5PPRY 800-592-8996 NLD/BNCR', 1029.23, '2018-05-17', '2018-05-17', 8, 2, 4, '2018-07-22', '2018-07-22'),
	(2286, '15-05-18 CINEPOLIS P.FLORES DUL HEREDIA CRI/BNCR', 2000, '2018-05-17', '2018-05-17', 8, 2, 4, '2018-07-22', '2018-07-22'),
	(2287, '15-05-18 MN TECH HEREDIA CRI/BNCR', 11000, '2018-05-17', '2018-05-17', 8, 2, 4, '2018-07-22', '2018-07-22'),
	(2288, '16-05-18 SERVICOEM GRAVPA HEREDIA CRI/BNCR', 2200, '2018-05-17', '2018-05-17', 8, 2, 4, '2018-07-22', '2018-07-22'),
	(2289, '16-05-18 UBER TRIP GQEYV 800-592-8996 NLD/BNCR', 1676.12, '2018-05-17', '2018-05-17', 8, 2, 4, '2018-07-22', '2018-07-22'),
	(2290, 'JUEGO ISAAC/LUIS ANDRES FALLAS V', 15000, '2018-05-17', '2018-05-17', 8, 3, 4, '2018-07-22', '2018-07-22'),
	(2291, '14-05-18 AM PM RINCON DE FLORES ALAJUELA CRI/BNCR', 900, '2018-05-16', '2018-05-16', 8, 2, 4, '2018-07-22', '2018-07-22'),
	(2292, '15-05-18 UBER BV VORDEN NLD/BNCR', 945.23, '2018-05-16', '2018-05-16', 8, 2, 4, '2018-07-22', '2018-07-22'),
	(2293, '15-05-18 SERVICOEM GRAVPA HEREDIA CRI/BNCR', 2200, '2018-05-16', '2018-05-16', 8, 2, 4, '2018-07-22', '2018-07-22'),
	(2294, '14-05-18 SERVICOEM GRAVPA HEREDIA CRI/BNCR', 2200, '2018-05-15', '2018-05-15', 8, 2, 4, '2018-07-22', '2018-07-22'),
	(2295, '12-05-18 AUTO MERCADO PLAZA BRA HEREDIA CRI/BNCR', 1535, '2018-05-14', '2018-05-14', 8, 2, 4, '2018-07-22', '2018-07-22'),
	(2296, '10-05-18 AM PM RINCON DE FLORES ALAJUELA CRI/BNCR', 1975, '2018-05-14', '2018-05-14', 8, 2, 4, '2018-07-22', '2018-07-22'),
	(2297, '11-05-18 SERVICOEM GRAVPA HEREDIA CRI/BNCR', 2200, '2018-05-14', '2018-05-14', 8, 2, 4, '2018-07-22', '2018-07-22'),
	(2298, '11-05-18 UBER TRIP Z67V3 800-592-8996 NLD/BNCR', 1449.75, '2018-05-14', '2018-05-14', 8, 2, 4, '2018-07-22', '2018-07-22'),
	(2299, '09-05-18 AUTO MERCADO PLAZA BRA HEREDIA CRI/BNCR', 2620, '2018-05-11', '2018-05-11', 8, 2, 4, '2018-07-22', '2018-07-22'),
	(2300, '09-05-18 UBER TRIP AZAO4 800-592-8996 NLD/BNCR', 925.88, '2018-05-10', '2018-05-10', 8, 2, 4, '2018-07-22', '2018-07-22'),
	(2301, '07-05-18 UBER BV 800-592-8996 NLD/BNCR', 1075.9, '2018-05-09', '2018-05-09', 8, 2, 4, '2018-07-22', '2018-07-22'),
	(2302, '07-05-18 MCDONALD S HEREDIA HEREDIA CRI/BNCR', 990, '2018-05-09', '2018-05-09', 8, 2, 4, '2018-07-22', '2018-07-22'),
	(2303, '08-05-18 TRANSFERENCIA POR BN/SANDRA SEGURA ARIAS', 3500, '2018-05-09', '2018-05-09', 8, 3, 4, '2018-07-22', '2018-07-22'),
	(2304, '07-05-18 AM PM RINCON DE FLORES ALAJUELA CRI/BNCR', 4252, '2018-05-09', '2018-05-09', 8, 2, 4, '2018-07-22', '2018-07-22'),
	(2305, '07-05-18 SERVICOEM GRAVPA HEREDIA CRI/BNCR', 2200, '2018-05-09', '2018-05-09', 8, 2, 4, '2018-07-22', '2018-07-22'),
	(2306, '07-05-18 KINGSMAN HEREDIA CRI/BNCR', 4000, '2018-05-09', '2018-05-09', 8, 2, 4, '2018-07-22', '2018-07-22'),
	(2307, '06-05-18 Q1/LUIS ANDRES FALLAS V', 50000, '2018-05-07', '2018-05-07', 8, 3, 4, '2018-07-22', '2018-07-22'),
	(2308, '04-05-18 UBER BV 800-592-8996 NLD/BNCR', 1070.62, '2018-05-07', '2018-05-07', 8, 2, 4, '2018-07-22', '2018-07-22'),
	(2309, '04-05-18 QUIZNOS HEREDIA HEREDIA CRI/BNCR', 4100, '2018-05-07', '2018-05-07', 8, 2, 4, '2018-07-22', '2018-07-22'),
	(2310, 'POLLO/ESTEVEN EDUARDO FALL', 10000, '2018-05-07', '2018-05-07', 8, 3, 4, '2018-07-22', '2018-07-22'),
	(2311, '03-05-18 SERVICOEM GRAVPA HEREDIA CRI/BNCR', 2200, '2018-05-04', '2018-05-04', 8, 2, 4, '2018-07-22', '2018-07-22'),
	(2312, '02-05-18 UBER BV 800-592-8996 NLD/BNCR', 970.94, '2018-05-03', '2018-05-03', 8, 2, 4, '2018-07-22', '2018-07-22'),
	(2313, 'TRANSFERENCIA POR BN CELU/ARGUELLO OVIEDO IVAN', 5000, '2018-05-02', '2018-05-02', 8, 2, 4, '2018-07-22', '2018-07-22'),
	(2314, 'DESPEDIDA SU/LUIS FALLAS VALENCIA', 2000, '2018-05-02', '2018-05-02', 8, 2, 4, '2018-07-22', '2018-07-22'),
	(2315, '30-04-18 AM PM RINCON DE FLORES ALAJUELA CRI/BNCR', 5350, '2018-05-02', '2018-05-02', 8, 2, 4, '2018-07-22', '2018-07-22'),
	(2316, 'TRANSFERENCIA POR BN CELULAR/MONICA ARLEY VALVERD', 2000, '2018-05-02', '2018-05-02', 8, 3, 4, '2018-07-22', '2018-07-22'),
	(2317, '28-04-18 Q1/LUIS ANDRES FALLAS V', 25000, '2018-04-30', '2018-04-30', 8, 3, 4, '2018-07-22', '2018-07-22'),
	(2318, '27-04-18 UBER BV 800-592-8996 NLD/BNCR', 1260.59, '2018-04-30', '2018-04-30', 8, 2, 4, '2018-07-22', '2018-07-22'),
	(2319, '28-04-18 UBER BV VORDEN NLD/BNCR', 1140.84, '2018-04-30', '2018-04-30', 8, 2, 4, '2018-07-22', '2018-07-22'),
	(2320, '28-04-18 AM PM RINCON DE FLORES ALAJUELA CRI/BNCR', 2490, '2018-04-30', '2018-04-30', 8, 2, 4, '2018-07-22', '2018-07-22'),
	(2321, '25-04-18 AUTO MERCADO PLAZA BRA HEREDIA CRI/BNCR', 1385, '2018-04-27', '2018-04-27', 8, 2, 4, '2018-07-22', '2018-07-22'),
	(2322, '26-04-18 SPOTIFY P05C0FCBBB STOCKHOLM SWE/BNCR', 5083.87, '2018-04-27', '2018-04-27', 8, 2, 4, '2018-07-22', '2018-07-22'),
	(2323, '25-04-18 UBER BV 800-592-8996 NLD/BNCR', 943.4, '2018-04-26', '2018-04-26', 8, 2, 4, '2018-07-22', '2018-07-22'),
	(2324, 'TRANSFERENCIA POR BN CELULAR/ALPIZAR NARANJO DIEG', 911, '2018-04-26', '2018-04-26', 8, 2, 4, '2018-07-22', '2018-07-22'),
	(2325, 'TRANSFERENCIA POR BN CELU/BATISTA BRENES EDUAR', 1000, '2018-04-26', '2018-04-26', 8, 2, 4, '2018-07-22', '2018-07-22'),
	(2326, '24-04-18 AM PM RINCON DE FLORES ALAJUELA CRI/BNCR', 885, '2018-04-26', '2018-04-26', 8, 2, 4, '2018-07-22', '2018-07-22'),
	(2327, '24-04-18 SERVICOEM GRAVPA HEREDIA CRI/BNCR', 2200, '2018-04-25', '2018-04-25', 8, 2, 4, '2018-07-22', '2018-07-22'),
	(2328, '23-04-18 AM PM RINCON DE FLORES ALAJUELA CRI/BNCR', 885, '2018-04-25', '2018-04-25', 8, 2, 4, '2018-07-22', '2018-07-22'),
	(2329, 'TRANSFERENCIA POR BN CELU/BATISTA BRENES EDUAR', 1000, '2018-04-25', '2018-04-25', 8, 2, 4, '2018-07-22', '2018-07-22'),
	(2330, '23-04-18 KENTUCKY FRIED CHICKEN HEREDIA CRI/BNCR', 3550, '2018-04-25', '2018-04-25', 8, 2, 4, '2018-07-22', '2018-07-22'),
	(2331, '22-04-18 AM PM RINCON DE FLORES ALAJUELA CRI/BNCR', 1450, '2018-04-24', '2018-04-24', 8, 2, 4, '2018-07-22', '2018-07-22'),
	(2332, '21-04-18 MINI SUPER ECONOMICO LIMON CRI/BNCR', 2275, '2018-04-23', '2018-04-23', 8, 2, 4, '2018-07-22', '2018-07-22'),
	(2333, '20-04-18 AUTO MERCADO PLAZA BRA HEREDIA CRI/BNCR', 510, '2018-04-23', '2018-04-23', 8, 2, 4, '2018-07-22', '2018-07-22'),
	(2334, '20-04-18 ATM PLAZA HEREDIA HEREDIA CRI/BNCR', 9000, '2018-04-23', '2018-04-23', 8, 2, 4, '2018-07-22', '2018-07-22'),
	(2335, '22-04-18 COMISION CAJEROS MASTER CARD CTA AHO/BNCR', 713.75, '2018-04-23', '2018-04-23', 8, 2, 4, '2018-07-22', '2018-07-22'),
	(2336, '20-04-18 UBER BV 800-592-8996 NLD/BNCR', 966.15, '2018-04-23', '2018-04-23', 8, 2, 4, '2018-07-22', '2018-07-22'),
	(2337, 'TRANSFERENCIA POR BN CELULAR/ALPIZAR NARANJO DIEG', 1000, '2018-04-23', '2018-04-23', 8, 2, 4, '2018-07-22', '2018-07-22'),
	(2338, '18-04-18 AM PM RINCON DE FLORES ALAJUELA CRI/BNCR', 2185, '2018-04-20', '2018-04-20', 8, 2, 4, '2018-07-22', '2018-07-22'),
	(2339, 'PIZZA/LUIS FALLAS VALENCIA', 2500, '2018-04-20', '2018-04-20', 8, 2, 4, '2018-07-22', '2018-07-22'),
	(2340, '18-04-18 STARBUCKS PASEO DE LAS HEREDIA CRI/BNCR', 2700, '2018-04-20', '2018-04-20', 8, 2, 4, '2018-07-22', '2018-07-22'),
	(2341, 'TRANSFERENCIA POR BN CELU/JOSE ESTEBAN VALVERD', 3000, '2018-04-20', '2018-04-20', 8, 2, 4, '2018-07-22', '2018-07-22'),
	(2342, '19-04-18 SERVICOEM GRAVPA HEREDIA CRI/BNCR', 2200, '2018-04-20', '2018-04-20', 8, 2, 4, '2018-07-22', '2018-07-22'),
	(2343, 'CREDIX/LUIS ANDRES FALLAS V', 30000, '2018-04-20', '2018-04-20', 8, 3, 4, '2018-07-22', '2018-07-22'),
	(2344, '18-04-18 AUTO MERCADO PLAZA BRA HEREDIA CRI/BNCR', 700, '2018-04-20', '2018-04-20', 8, 2, 4, '2018-07-22', '2018-07-22'),
	(2345, '18-04-18 UBER BV 800-592-8996 NLD/BNCR', 950.28, '2018-04-19', '2018-04-19', 8, 2, 4, '2018-07-22', '2018-07-22'),
	(2346, 'TRANSFERENCIA POR BN CELU/BATISTA BRENES EDUAR', 1000, '2018-04-19', '2018-04-19', 8, 2, 4, '2018-07-22', '2018-07-22'),
	(2347, '17-04-18 AM PM RINCON DE FLORES ALAJUELA CRI/BNCR', 2000, '2018-04-19', '2018-04-19', 8, 2, 4, '2018-07-22', '2018-07-22'),
	(2348, '17-04-18 AMZ AMAZON.COM PYMNTS AMAZON.COM WA/BNCR', 13014.07, '2018-04-19', '2018-04-19', 8, 2, 4, '2018-07-22', '2018-07-22'),
	(2349, '18-04-18 SERVICOEM GRAVPA HEREDIA CRI/BNCR', 2200, '2018-04-19', '2018-04-19', 8, 2, 4, '2018-07-22', '2018-07-22'),
	(2350, 'PAGO CREDIX 5022860001055/LUIS ANDRES FALLAS V', 30000, '2018-04-19', '2018-04-19', 8, 2, 4, '2018-07-22', '2018-07-22'),
	(2351, '18-04-18 UBER BV 800-592-8996 NLD/BNCR', 1273.55, '2018-04-19', '2018-04-19', 8, 2, 4, '2018-07-22', '2018-07-22'),
	(2352, 'TRANSFERENCIA POR BN CELU/BATISTA BRENES EDUAR', 1000, '2018-04-18', '2018-04-18', 8, 2, 4, '2018-07-22', '2018-07-22'),
	(2353, '17-04-18 SERVICOEM GRAVPA HEREDIA CRI/BNCR', 2200, '2018-04-18', '2018-04-18', 8, 2, 4, '2018-07-22', '2018-07-22'),
	(2354, 'Q2/LUIS ANDRES FALLAS V', 50000, '2018-04-18', '2018-04-18', 8, 3, 4, '2018-07-22', '2018-07-22'),
	(2355, 'TRANSFERENCIA POR BN CELULA/RAYO DAVILA JOSE RAM', 5000, '2018-04-18', '2018-04-18', 8, 2, 4, '2018-07-22', '2018-07-22'),
	(2356, '15-04-18 AM PM RINCON DE FLORES ALAJUELA CRI/BNCR', 7911, '2018-04-17', '2018-04-17', 8, 2, 4, '2018-07-22', '2018-07-22'),
	(2357, '16-04-18 SERVICOEM GRAVPA HEREDIA CRI/BNCR', 2200, '2018-04-17', '2018-04-17', 8, 2, 4, '2018-07-22', '2018-07-22'),
	(2358, '14-04-18 PANADERIA TORRES PAN HEREDIA CRI/BNCR', 1250, '2018-04-16', '2018-04-16', 8, 2, 4, '2018-07-22', '2018-07-22'),
	(2359, '13-04-18 AM PM RINCON DE FLORES ALAJUELA CRI/BNCR', 1000, '2018-04-16', '2018-04-16', 8, 2, 4, '2018-07-22', '2018-07-22'),
	(2360, '12-04-18 AM PM RINCON DE FLORES ALAJUELA CRI/BNCR', 1500, '2018-04-16', '2018-04-16', 8, 2, 4, '2018-07-22', '2018-07-22'),
	(2361, '14-04-18 AM PM RINCON DE FLORES ALAJUELA CRI/BNCR', 1535, '2018-04-16', '2018-04-16', 8, 2, 4, '2018-07-22', '2018-07-22'),
	(2362, '13-04-18 RESTAURANTE TACO BELL HEREDIA CRI/BNCR', 3380, '2018-04-16', '2018-04-16', 8, 2, 4, '2018-07-22', '2018-07-22'),
	(2363, '13-04-18 AUTO MERCADO PLAZA BRA HEREDIA CRI/BNCR', 1085, '2018-04-16', '2018-04-16', 8, 2, 4, '2018-07-22', '2018-07-22'),
	(2364, '14-04-18 CINEPOLIS P.FLORES CIN HEREDIA CRI/BNCR', 3250, '2018-04-16', '2018-04-16', 8, 2, 4, '2018-07-22', '2018-07-22'),
	(2365, '13-04-18 UBER BV 800-592-8996 NLD/BNCR', 974.6, '2018-04-16', '2018-04-16', 8, 2, 4, '2018-07-22', '2018-07-22'),
	(2366, 'TRANSFERENCIA POR BN CELULAR/SUSANA LY JIMENEZ', 1690, '2018-04-13', '2018-04-13', 8, 3, 4, '2018-07-22', '2018-07-22'),
	(2367, '12-04-18 UBER BV 800-592-8996 NLD/BNCR', 1131.69, '2018-04-13', '2018-04-13', 8, 2, 4, '2018-07-22', '2018-07-22'),
	(2368, '12-04-18 SERVICOEM GRAVPA HEREDIA CRI/BNCR', 2200, '2018-04-13', '2018-04-13', 8, 2, 4, '2018-07-22', '2018-07-22'),
	(2369, '10-04-18 REST.OLIO SAN JOSE CRI/BNCR', 8200, '2018-04-12', '2018-04-12', 8, 2, 4, '2018-07-22', '2018-07-22'),
	(2370, '09-04-18 AM PM RINCON DE FLORES ALAJUELA CRI/BNCR', 1790, '2018-04-12', '2018-04-12', 8, 2, 4, '2018-07-22', '2018-07-22'),
	(2371, '11-04-18 MAS X MENOS HEREDIA CRI/BNCR', 9191, '2018-04-12', '2018-04-12', 8, 2, 4, '2018-07-22', '2018-07-22'),
	(2372, '10-04-18 SERVICOEM GRAVPA HEREDIA CRI/BNCR', 2200, '2018-04-12', '2018-04-12', 8, 2, 4, '2018-07-22', '2018-07-22'),
	(2373, '11-04-18 Q1 2/LUIS ANDRES FALLAS V', 50000, '2018-04-12', '2018-04-12', 8, 3, 4, '2018-07-22', '2018-07-22'),
	(2374, '08-04-18 AM PM RINCON DE FLORES ALAJUELA CRI/BNCR', 1575, '2018-04-10', '2018-04-10', 8, 2, 4, '2018-07-22', '2018-07-22'),
	(2375, '09-04-18 SERVICOEM GRAVPA HEREDIA CRI/BNCR', 2200, '2018-04-10', '2018-04-10', 8, 2, 4, '2018-07-22', '2018-07-22'),
	(2376, '07-04-18 CINEPOLIS P.FLORES TAQ HEREDIA CRI/BNCR', 3100, '2018-04-09', '2018-04-09', 8, 2, 4, '2018-07-22', '2018-07-22'),
	(2377, 'TRANSFERENCIA POR BN CELULAR/LOAIZA ROJAS ABIGAIL', 1000, '2018-04-09', '2018-04-09', 8, 2, 4, '2018-07-22', '2018-07-22'),
	(2378, '08-04-18 MULTISALAS SAN PEDRO D SAN JOSE CRI/BNCR', 7500, '2018-04-09', '2018-04-09', 8, 2, 4, '2018-07-22', '2018-07-22'),
	(2379, '07-04-18 CINEPOLIS P.FLORES DUL HEREDIA CRI/BNCR', 6850, '2018-04-09', '2018-04-09', 8, 2, 4, '2018-07-22', '2018-07-22'),
	(2380, '06-04-18 MCDONALD S HEREDIA HEREDIA CRI/BNCR', 3820, '2018-04-09', '2018-04-09', 8, 2, 4, '2018-07-22', '2018-07-22'),
	(2381, '06-04-18 UBER BV 800-592-8996 NLD/BNCR', 996.94, '2018-04-09', '2018-04-09', 8, 2, 4, '2018-07-22', '2018-07-22'),
	(2382, '07-04-18 UBER BV 800-592-8996 NLD/BNCR', 1015.3, '2018-04-09', '2018-04-09', 8, 2, 4, '2018-07-22', '2018-07-22'),
	(2383, '08-04-18 DONA DONA MALL SAN PED SAN JOSE CRI/BNCR', 1850, '2018-04-09', '2018-04-09', 8, 2, 4, '2018-07-22', '2018-07-22'),
	(2384, '07-04-18 Q1/LUIS ANDRES FALLAS V', 50000, '2018-04-09', '2018-04-09', 8, 3, 4, '2018-07-22', '2018-07-22'),
	(2385, '07-04-18 KINGSMAN HEREDIA CRI/BNCR', 4000, '2018-04-09', '2018-04-09', 8, 2, 4, '2018-07-22', '2018-07-22'),
	(2386, '06-04-18 NETFLIX.COM AMSTERDAM NLD/BNCR', 7939.02, '2018-04-06', '2018-04-06', 8, 2, 4, '2018-07-22', '2018-07-22'),
	(2387, '04-04-18 POPS FANTASIA HEREDIA HEREDIA CRI/BNCR', 763, '2018-04-05', '2018-04-05', 8, 2, 4, '2018-07-22', '2018-07-22'),
	(2388, 'TRANSFERENCIA POR BN CELULAR/MONICA ARLEY VALVERD', 2000, '2018-04-05', '2018-04-05', 8, 3, 4, '2018-07-22', '2018-07-22'),
	(2389, 'TRANSFERENCIA POR BN CELULAR/SUSANA LY JIMENEZ', 10000, '2018-04-05', '2018-04-05', 8, 2, 4, '2018-07-22', '2018-07-22'),
	(2390, '03-04-18 AM PM RINCON DE FLORES ALAJUELA CRI/BNCR', 2450, '2018-04-05', '2018-04-05', 8, 2, 4, '2018-07-22', '2018-07-22'),
	(2391, '04-04-18 UBER BV 800-592-8996 NLD/BNCR', 962.26, '2018-04-05', '2018-04-05', 8, 2, 4, '2018-07-22', '2018-07-22'),
	(2392, '02-04-18 AM PM RINCON DE FLORES ALAJUELA CRI/BNCR', 2877, '2018-04-04', '2018-04-04', 8, 2, 4, '2018-07-22', '2018-07-22'),
	(2393, '03-04-18 SERVICOEM GRAVPA HEREDIA CRI/BNCR', 2200, '2018-04-04', '2018-04-04', 8, 2, 4, '2018-07-22', '2018-07-22'),
	(2394, 'TRANSFERENCIA POR BN CELU/BATISTA BRENES EDUAR', 1000, '2018-04-04', '2018-04-04', 8, 2, 4, '2018-07-22', '2018-07-22'),
	(2395, '02-04-18 AM PM RINCON DE FLORES ALAJUELA CRI/BNCR', 3825, '2018-04-04', '2018-04-04', 8, 2, 4, '2018-07-22', '2018-07-22'),
	(2396, '01-04-18 PIZZA/ESTEVEN EDUARDO FALL', 3350, '2018-04-02', '2018-04-02', 8, 3, 4, '2018-07-22', '2018-07-22'),
	(2397, '26-03-18 SPOTIFY P056559B67 STOCKHOLM SWE/BNCR', 5098.93, '2018-03-27', '2018-03-27', 8, 2, 4, '2018-07-22', '2018-07-22'),
	(2398, '23-03-18 AUTO MERCADO PLAZA BRA HEREDIA CRI/BNCR', 3065, '2018-03-26', '2018-03-26', 8, 2, 4, '2018-07-22', '2018-07-22'),
	(2399, '23-03-18 TASTY PIZZA HEREDIA CRI/BNCR', 12900, '2018-03-26', '2018-03-26', 8, 2, 4, '2018-07-22', '2018-07-22'),
	(2400, '23-03-18 UBER BV 800-592-8996 NLD/BNCR', 981.31, '2018-03-26', '2018-03-26', 8, 2, 4, '2018-07-22', '2018-07-22'),
	(2401, '24-03-18 AUTO MERCADO PLAZA BRA HEREDIA CRI/BNCR', 7687, '2018-03-26', '2018-03-26', 8, 2, 4, '2018-07-22', '2018-07-22'),
	(2402, 'TRANSFERENCIA POR BN CELULAR/IVAN ARGUELLO OVIEDO', 477, '2018-03-23', '2018-03-23', 8, 3, 4, '2018-07-22', '2018-07-22'),
	(2403, 'TRANSFERENCIA POR BN CELULAR/VIVIAN NAVARRO FALLA', 4777, '2018-03-23', '2018-03-23', 8, 3, 4, '2018-07-22', '2018-07-22'),
	(2404, '22-03-18 UBER BV VORDEN NLD/BNCR', 1121.03, '2018-03-23', '2018-03-23', 8, 2, 4, '2018-07-22', '2018-07-22'),
	(2405, '21-03-18 AUTO MERCADO PLAZA BRA HEREDIA CRI/BNCR', 780, '2018-03-23', '2018-03-23', 8, 2, 4, '2018-07-22', '2018-07-22'),
	(2406, 'TRANSFERENCIA POR BN CELULAR/SUSANA LY JIMENEZ', 477, '2018-03-23', '2018-03-23', 8, 3, 4, '2018-07-22', '2018-07-22'),
	(2407, '20-03-18 MATERIALES LA PUEBLA HEREDIA CRI/BNCR', 6527.52, '2018-03-23', '2018-03-23', 8, 2, 4, '2018-07-22', '2018-07-22'),
	(2408, 'PIZZA/ANDREY VASQUEZ CESPE', 477, '2018-03-23', '2018-03-23', 8, 3, 4, '2018-07-22', '2018-07-22'),
	(2409, '22-03-18 SERVICOEM GRAVPA HEREDIA CRI/BNCR', 2200, '2018-03-23', '2018-03-23', 8, 2, 4, '2018-07-22', '2018-07-22'),
	(2410, '21-03-18 SERVICOEM GRAVPA HEREDIA CRI/BNCR', 2200, '2018-03-23', '2018-03-23', 8, 2, 4, '2018-07-22', '2018-07-22'),
	(2411, 'PINTO/LUIS FALLAS VALENCIA', 1523, '2018-03-23', '2018-03-23', 8, 2, 4, '2018-07-22', '2018-07-22'),
	(2412, 'Q2 2/LUIS ANDRES FALLAS V', 50000, '2018-03-23', '2018-03-23', 8, 3, 4, '2018-07-22', '2018-07-22'),
	(2413, 'TRANSFERENCIA POR BN CELULAR/DIEGO ALPIZAR NARANJ', 477, '2018-03-23', '2018-03-23', 8, 3, 4, '2018-07-22', '2018-07-22'),
	(2414, '20-03-18 AM PM RINCON DE FLORES ALAJUELA CRI/BNCR', 5768, '2018-03-22', '2018-03-22', 8, 2, 4, '2018-07-22', '2018-07-22'),
	(2415, '21-03-18 UBER BV VORDEN NLD/BNCR', 1004.17, '2018-03-22', '2018-03-22', 8, 2, 4, '2018-07-22', '2018-07-22'),
	(2416, '16-03-18 RESTAURANTE AJUA HEREDIA CRI/BNCR', 6500, '2018-03-20', '2018-03-20', 8, 2, 4, '2018-07-22', '2018-07-22'),
	(2417, 'TRANSFERENCIA POR BN CELULAR/MONICA ARLEY VALVERD', 3400, '2018-03-20', '2018-03-20', 8, 3, 4, '2018-07-22', '2018-07-22'),
	(2418, '19-03-18 UBER BV VORDEN NLD/BNCR', 1041.75, '2018-03-20', '2018-03-20', 8, 2, 4, '2018-07-22', '2018-07-22'),
	(2419, '16-03-18 AUTO MERCADO PLAZA BRA HEREDIA CRI/BNCR', 1325, '2018-03-19', '2018-03-19', 8, 2, 4, '2018-07-22', '2018-07-22'),
	(2420, '17-03-18 HER-AM PM RINC.FLORE COSTA RICA CRI/BNCR', 20000, '2018-03-19', '2018-03-19', 8, 2, 4, '2018-07-22', '2018-07-22'),
	(2421, 'SPOTIFY Y TAXI/RONALD ANTONIO ALVAR', 1000, '2018-03-19', '2018-03-19', 8, 3, 4, '2018-07-22', '2018-07-22'),
	(2422, '16-03-18 UBER BV VORDEN NLD/BNCR', 1224.37, '2018-03-19', '2018-03-19', 8, 2, 4, '2018-07-22', '2018-07-22'),
	(2423, 'COMISION CAJEROS MASTER CARD CTA AHOR/BNCR', 715.62, '2018-03-19', '2018-03-19', 8, 2, 4, '2018-07-22', '2018-07-22'),
	(2424, '16-03-18 UBER BV VORDEN NLD/BNCR', 842.4, '2018-03-19', '2018-03-19', 8, 2, 4, '2018-07-22', '2018-07-22'),
	(2425, 'TRANSFERENCIA POR BN CELULAR/OSCAR GOMEZ SILVA', 1400, '2018-03-19', '2018-03-19', 8, 2, 4, '2018-07-22', '2018-07-22'),
	(2426, '15-03-18 SERVICOEM GRAVPA HEREDIA CRI/BNCR', 2200, '2018-03-16', '2018-03-16', 8, 2, 4, '2018-07-22', '2018-07-22'),
	(2427, '15-03-18 GLOBAL PACK SAN JOSE CRI/BNCR', 9049, '2018-03-16', '2018-03-16', 8, 2, 4, '2018-07-22', '2018-07-22'),
	(2428, 'TRANSFERENCIA POR BN CELULA/ROSARITO VIQUEZ VIQU', 9049, '2018-03-16', '2018-03-16', 8, 3, 4, '2018-07-22', '2018-07-22'),
	(2429, '14-03-18 MCDONALD S HEREDIA HEREDIA CRI/BNCR', 1000, '2018-03-16', '2018-03-16', 8, 2, 4, '2018-07-22', '2018-07-22'),
	(2430, 'Q2 CREDIX/LUIS ANDRES FALLAS V', 80000, '2018-03-15', '2018-03-15', 8, 3, 4, '2018-07-22', '2018-07-22'),
	(2431, '14-03-18 UBER BV VORDEN NLD/BNCR', 994.65, '2018-03-15', '2018-03-15', 8, 2, 4, '2018-07-22', '2018-07-22'),
	(2432, 'PAGO CREDIX 5022860001055/LUIS ANDRES FALLAS V', 30000, '2018-03-15', '2018-03-15', 8, 2, 4, '2018-07-22', '2018-07-22'),
	(2433, '13-03-18 AM PM RINCON DE FLORES ALAJUELA CRI/BNCR', 5045, '2018-03-15', '2018-03-15', 8, 2, 4, '2018-07-22', '2018-07-22'),
	(2434, '14-03-18 BAR BULEVAR RELAX HEREDIA CRI/BNCR', 2800, '2018-03-15', '2018-03-15', 8, 2, 4, '2018-07-22', '2018-07-22'),
	(2435, '14-03-18 UBER BV VORDEN NLD/BNCR', 1367.33, '2018-03-15', '2018-03-15', 8, 2, 4, '2018-07-22', '2018-07-22'),
	(2436, '13-03-18 SERVICOEM GRAVPA HEREDIA CRI/BNCR', 2200, '2018-03-14', '2018-03-14', 8, 2, 4, '2018-07-22', '2018-07-22'),
	(2437, 'TRANSFERENCIA POR BN CELU/BATISTA BRENES EDUAR', 1000, '2018-03-14', '2018-03-14', 8, 2, 4, '2018-07-22', '2018-07-22'),
	(2438, '13-03-18 SUPER LA PUEBLA HEREDIA CRI/BNCR', 800, '2018-03-14', '2018-03-14', 8, 2, 4, '2018-07-22', '2018-07-22'),
	(2439, '12-03-18 SUBWAY PLAZA HEREDIA SAN JOSE CRI/BNCR', 5250, '2018-03-13', '2018-03-13', 8, 2, 4, '2018-07-22', '2018-07-22'),
	(2440, '12-03-18 TAXI TH286 GIOVANNI SA HEREDIA CRI/BNCR', 1700, '2018-03-13', '2018-03-13', 8, 2, 4, '2018-07-22', '2018-07-22'),
	(2441, '10-03-18 UBER BV VORDEN NLD/BNCR', 1340.02, '2018-03-12', '2018-03-12', 8, 2, 4, '2018-07-22', '2018-07-22'),
	(2442, '10-03-18 KINGSMAN HEREDIA CRI/BNCR', 5500, '2018-03-12', '2018-03-12', 8, 2, 4, '2018-07-22', '2018-07-22'),
	(2443, '10-03-18 PERIMERCADO HEREDIA HEREDIA CRI/BNCR', 12711, '2018-03-12', '2018-03-12', 8, 2, 4, '2018-07-22', '2018-07-22'),
	(2444, '09-03-18 UBER BV VORDEN NLD/BNCR', 975.09, '2018-03-12', '2018-03-12', 8, 2, 4, '2018-07-22', '2018-07-22'),
	(2445, '09-03-18 AUTO MERCADO PLAZA BRA HEREDIA CRI/BNCR', 780, '2018-03-12', '2018-03-12', 8, 2, 4, '2018-07-22', '2018-07-22'),
	(2446, '10-03-18 Q1/LUIS ANDRES FALLAS V', 50000, '2018-03-12', '2018-03-12', 8, 3, 4, '2018-07-22', '2018-07-22'),
	(2447, '08-03-18 UBER BV VORDEN NLD/BNCR', 1345.6, '2018-03-12', '2018-03-12', 8, 2, 4, '2018-07-22', '2018-07-22'),
	(2448, '10-03-18 AM PM RINCON DE FLORES ALAJUELA CRI/BNCR', 3766, '2018-03-12', '2018-03-12', 8, 2, 4, '2018-07-22', '2018-07-22'),
	(2449, '07-03-18 UBER BV VORDEN NLD/BNCR', 1007.55, '2018-03-09', '2018-03-09', 8, 2, 4, '2018-07-22', '2018-07-22'),
	(2450, '06-03-18 NETFLIX.COM AMSTERDAM NLD/BNCR', 7973.37, '2018-03-09', '2018-03-09', 8, 2, 4, '2018-07-22', '2018-07-22'),
	(2451, 'TRANSFERENCIA POR BN CELU/ARGUELLO OVIEDO IVAN', 2520, '2018-03-09', '2018-03-09', 8, 2, 4, '2018-07-22', '2018-07-22'),
	(2452, 'TRANSFERENCIA POR BN CELULAR/MONICA ARLEY VALVERD', 2000, '2018-03-06', '2018-03-06', 8, 3, 4, '2018-07-22', '2018-07-22'),
	(2453, '02-03-18 MCDONALD S HEREDIA HEREDIA CRI/BNCR', 500, '2018-03-05', '2018-03-05', 8, 2, 4, '2018-07-22', '2018-07-22'),
	(2454, '02-03-18 UBER BV VORDEN NLD/BNCR', 971.79, '2018-03-05', '2018-03-05', 8, 2, 4, '2018-07-22', '2018-07-22'),
	(2455, '27-02-18 AM PM RINCON DE FLORES ALAJUELA CRI/BNCR', 1020, '2018-03-02', '2018-03-02', 8, 2, 4, '2018-07-22', '2018-07-22'),
	(2456, '28-02-18 UBER BV VORDEN NLD/BNCR', 1083.72, '2018-03-01', '2018-03-01', 8, 2, 4, '2018-07-22', '2018-07-22'),
	(2457, '28-02-18 UBER BV VORDEN NLD/BNCR', 962.66, '2018-03-01', '2018-03-01', 8, 2, 4, '2018-07-22', '2018-07-22'),
	(2458, '27-02-18 GOOGLE KONAMI G.CO HELPPAY GBR/BNCR', 1200, '2018-02-28', '2018-02-28', 8, 2, 4, '2018-07-22', '2018-07-22'),
	(2459, '26-02-18 SPOTIFY P050D97B4C STOCKHOLM SWE/BNCR', 5138.58, '2018-02-27', '2018-02-27', 8, 2, 4, '2018-07-22', '2018-07-22'),
	(2460, '24-02-18 CAJ AUT 268 BNCR MALL PASEO DE LAS F/BNCR', 8000, '2018-02-26', '2018-02-26', 8, 2, 4, '2018-07-22', '2018-07-22'),
	(2461, '23-02-18 UBER BV VORDEN NLD/BNCR', 1089.44, '2018-02-26', '2018-02-26', 8, 2, 4, '2018-07-22', '2018-07-22'),
	(2462, '25-02-18 PAGO UNA 7027600/FALLAS VALENCIANO LU', 6600, '2018-02-26', '2018-02-26', 8, 2, 4, '2018-07-22', '2018-07-22'),
	(2463, '24-02-18 CAJ AUT 255 BNCR MALL PASEO DE LAS F/BNCR', 15000, '2018-02-26', '2018-02-26', 8, 2, 4, '2018-07-22', '2018-07-22'),
	(2464, '24-02-18 PASEO GAMES PASEO DE L HEREDIA CRI/BNCR', 5000, '2018-02-26', '2018-02-26', 8, 2, 4, '2018-07-22', '2018-07-22'),
	(2465, '25-02-18 EXAMENES ADMISIO/LUIS ANDRES FALLAS V', 20000, '2018-02-26', '2018-02-26', 8, 3, 4, '2018-07-22', '2018-07-22'),
	(2466, '23-02-18 AUTO MERCADO PLAZA BRA HEREDIA CRI/BNCR', 1900, '2018-02-26', '2018-02-26', 8, 2, 4, '2018-07-22', '2018-07-22'),
	(2467, '23-02-18 SUSHI HOME HEREDIA CRI/BNCR', 8285, '2018-02-26', '2018-02-26', 8, 2, 4, '2018-07-22', '2018-07-22'),
	(2468, 'Q2/LUIS ANDRES FALLAS V', 50000, '2018-02-23', '2018-02-23', 8, 3, 4, '2018-07-22', '2018-07-22'),
	(2469, '21-02-18 AUTO MERCADO PLAZA BRA HEREDIA CRI/BNCR', 2080, '2018-02-23', '2018-02-23', 8, 2, 4, '2018-07-22', '2018-07-22'),
	(2470, 'TRANSFERENCIA POR BN CELULAR/OSCAR GOMEZ SILVA', 1500, '2018-02-23', '2018-02-23', 8, 2, 4, '2018-07-22', '2018-07-22'),
	(2471, '22-02-18 SERVICOEM GRAVPA HEREDIA CRI/BNCR', 2200, '2018-02-23', '2018-02-23', 8, 2, 4, '2018-07-22', '2018-07-22'),
	(2472, '21-02-18 REPROCENTRO ALAJUELA HEREDIA CRI/BNCR', 3000, '2018-02-22', '2018-02-22', 8, 2, 4, '2018-07-22', '2018-07-22'),
	(2473, '21-02-18 UBER BV VORDEN NLD/BNCR', 1142.12, '2018-02-22', '2018-02-22', 8, 2, 4, '2018-07-22', '2018-07-22'),
	(2474, '20-02-18 AM PM RINCON DE FLORES ALAJUELA CRI/BNCR', 2795, '2018-02-22', '2018-02-22', 8, 2, 4, '2018-07-22', '2018-07-22'),
	(2475, '20-02-18 AM PM RINCON DE FLORES ALAJUELA CRI/BNCR', 6515, '2018-02-22', '2018-02-22', 8, 2, 4, '2018-07-22', '2018-07-22'),
	(2476, 'TRANSFERENCIA POR BN CELULA/ROSARITO VIQUEZ VIQU', 3000, '2018-02-21', '2018-02-21', 8, 3, 4, '2018-07-22', '2018-07-22'),
	(2477, '20-02-18 SERVICOEM GRAVPA HEREDIA CRI/BNCR', 2200, '2018-02-21', '2018-02-21', 8, 2, 4, '2018-07-22', '2018-07-22'),
	(2478, 'TRANSFERENCIA POR BN CELU/BATISTA BRENES EDUAR', 1000, '2018-02-21', '2018-02-21', 8, 2, 4, '2018-07-22', '2018-07-22'),
	(2479, '19-02-18 PANADERIA TORRES PAN HEREDIA CRI/BNCR', 1650, '2018-02-21', '2018-02-21', 8, 2, 4, '2018-07-22', '2018-07-22'),
	(2480, '15-02-18 TAXI TH 822 ALVARO GON HEREDIA CRI/BNCR', 1200, '2018-02-20', '2018-02-20', 8, 2, 4, '2018-07-22', '2018-07-22'),
	(2481, '19-02-18 SUPER LA PUEBLA HEREDIA CRI/BNCR', 1700, '2018-02-20', '2018-02-20', 8, 2, 4, '2018-07-22', '2018-07-22'),
	(2482, 'TRANSFERENCIA POR BN CELULAR/OSCAR GOMEZ SILVA', 2550, '2018-02-20', '2018-02-20', 8, 3, 4, '2018-07-22', '2018-07-22'),
	(2483, '16-02-18 SERVICOEM GRAVPA HEREDIA CRI/BNCR', 2200, '2018-02-20', '2018-02-20', 8, 2, 4, '2018-07-22', '2018-07-22'),
	(2484, '19-02-18 SERVICOEM GRAVPA HEREDIA CRI/BNCR', 2200, '2018-02-20', '2018-02-20', 8, 2, 4, '2018-07-22', '2018-07-22'),
	(2485, '18-02-18 MARISQUERIA Y CEVICHER HEREDIA CRI/BNCR', 10890, '2018-02-20', '2018-02-20', 8, 2, 4, '2018-07-22', '2018-07-22'),
	(2486, '17-02-18 RICE N SMILE HEREDIA CRI/BNCR', 1400, '2018-02-19', '2018-02-19', 8, 2, 4, '2018-07-22', '2018-07-22'),
	(2487, '16-02-18 EXTREME TECHNOLOGY COR HEREDIA CRI/BNCR', 8500, '2018-02-19', '2018-02-19', 8, 2, 4, '2018-07-22', '2018-07-22'),
	(2488, '17-02-18 AUTO MERCADO PLAZA BRA HEREDIA CRI/BNCR', 1380, '2018-02-19', '2018-02-19', 8, 2, 4, '2018-07-22', '2018-07-22'),
	(2489, '16-02-18 UBER BV VORDEN NLD/BNCR', 1001.73, '2018-02-19', '2018-02-19', 8, 2, 4, '2018-07-22', '2018-07-22'),
	(2490, '16-02-18 RESTAURANTE TACO BELL HEREDIA CRI/BNCR', 1500, '2018-02-19', '2018-02-19', 8, 2, 4, '2018-07-22', '2018-07-22'),
	(2491, '17-02-18 AM PM RINCON DE FLORES ALAJUELA CRI/BNCR', 2300, '2018-02-19', '2018-02-19', 8, 2, 4, '2018-07-22', '2018-07-22'),
	(2492, '17-02-18 NATURAL MEDICA HEREDIA CRI/BNCR', 10600, '2018-02-19', '2018-02-19', 8, 2, 4, '2018-07-22', '2018-07-22'),
	(2493, '16-02-18 AUTO MERCADO PLAZA BRA HEREDIA CRI/BNCR', 1975, '2018-02-19', '2018-02-19', 8, 2, 4, '2018-07-22', '2018-07-22'),
	(2494, '17-02-18 UBER BV VORDEN NLD/BNCR', 1050.08, '2018-02-19', '2018-02-19', 8, 2, 4, '2018-07-22', '2018-07-22'),
	(2495, '14-02-18 AUTO MERCADO PLAZA BRA HEREDIA CRI/BNCR', 2215, '2018-02-16', '2018-02-16', 8, 2, 4, '2018-07-22', '2018-07-22'),
	(2496, '15-02-18 SUBWAY PLAZA HEREDIA SAN JOSE CRI/BNCR', 4350, '2018-02-16', '2018-02-16', 8, 2, 4, '2018-07-22', '2018-07-22'),
	(2497, '15-02-18 UBER BV VORDEN NLD/BNCR', 1356.61, '2018-02-16', '2018-02-16', 8, 2, 4, '2018-07-22', '2018-07-22'),
	(2498, '14-02-18 SERVICOEM GRAVPA HEREDIA CRI/BNCR', 2200, '2018-02-16', '2018-02-16', 8, 2, 4, '2018-07-22', '2018-07-22'),
	(2499, '14-02-18 UBER BV VORDEN NLD/BNCR', 1545.94, '2018-02-15', '2018-02-15', 8, 2, 4, '2018-07-22', '2018-07-22'),
	(2500, 'TRANSFERENCIA POR BN CELU/BATISTA BRENES EDUAR', 1000, '2018-02-15', '2018-02-15', 8, 2, 4, '2018-07-22', '2018-07-22'),
	(2501, '11-02-18 MINI SUPER ECONOMICO LIMON CRI/BNCR', 2600, '2018-02-13', '2018-02-13', 8, 2, 4, '2018-07-22', '2018-07-22'),
	(2502, 'TRANSFERENCIA POR BN CELULA/ROSARITO VIQUEZ VIQU', 4500, '2018-02-13', '2018-02-13', 8, 3, 4, '2018-07-22', '2018-07-22'),
	(2503, '10-02-18 PAGO COMPUTADORA/IVANNIA MENDOZA VALE', 275000, '2018-02-12', '2018-02-12', 8, 3, 4, '2018-07-22', '2018-07-22'),
	(2504, 'TRANSFERENCIA POR BN CELULA/ROSARITO VIQUEZ VIQU', 15000, '2018-02-12', '2018-02-12', 8, 3, 4, '2018-07-22', '2018-07-22'),
	(2505, '09-02-18 UBER BV VORDEN NLD/BNCR', 1523.24, '2018-02-12', '2018-02-12', 8, 2, 4, '2018-07-22', '2018-07-22'),
	(2506, '11-02-18 ADELANTO SOBRES GR/SHINDY HIDALGO FONSE', 347000, '2018-02-12', '2018-02-12', 8, 2, 4, '2018-07-22', '2018-07-22'),
	(2507, '10-02-18 Q1/LUIS ANDRES FALLAS V', 100000, '2018-02-12', '2018-02-12', 8, 3, 4, '2018-07-22', '2018-07-22'),
	(2508, '09-02-18 MACROBIOTICA CAMPOS HEREDIA CRI/BNCR', 4900, '2018-02-12', '2018-02-12', 8, 2, 4, '2018-07-22', '2018-07-22'),
	(2509, '09-02-18 UBER BV VORDEN NLD/BNCR', 982.07, '2018-02-12', '2018-02-12', 8, 2, 4, '2018-07-22', '2018-07-22'),
	(2510, '10-02-18 BAR RESTAURANTE LAS PO LIMON CRI/BNCR', 3000, '2018-02-12', '2018-02-12', 8, 2, 4, '2018-07-22', '2018-07-22'),
	(2511, '08-02-18 GOOGLE KONAMI G.CO HELPPAY GBR/BNCR', 600, '2018-02-09', '2018-02-09', 8, 2, 4, '2018-07-22', '2018-07-22'),
	(2512, '07-02-18 UBER BV VORDEN NLD/BNCR', 1137.87, '2018-02-08', '2018-02-08', 8, 2, 4, '2018-07-22', '2018-07-22'),
	(2513, '05-02-18 AM PM RINCON DE FLORES ALAJUELA CRI/BNCR', 3969, '2018-02-07', '2018-02-07', 8, 2, 4, '2018-07-22', '2018-07-22'),
	(2514, '06-02-18 SUBWAY PLAZA HEREDIA SAN JOSE CRI/BNCR', 3050, '2018-02-07', '2018-02-07', 8, 2, 4, '2018-07-22', '2018-07-22'),
	(2515, '06-02-18 NETFLIX.COM AMSTERDAM NLD/BNCR', 6292.53, '2018-02-06', '2018-02-06', 8, 2, 4, '2018-07-22', '2018-07-22'),
	(2516, '05-02-18 INS WEB GENERAL COLONE SAN JOSE CRI/BNCR', 10830, '2018-02-06', '2018-02-06', 8, 2, 4, '2018-07-22', '2018-07-22'),
	(2517, 'ALMUERZO MA/LUIS FALLAS VALENCIA', 30000, '2018-02-05', '2018-02-05', 8, 2, 4, '2018-07-22', '2018-07-22'),
	(2518, 'PAGO LUIS FALLAS ACTIVIDA/FALLAS VALENCIANO LU', 8165, '2018-02-05', '2018-02-05', 8, 2, 4, '2018-07-22', '2018-07-22'),
	(2519, '02-02-18 UBER BV VORDEN NLD/BNCR', 971.43, '2018-02-05', '2018-02-05', 8, 2, 4, '2018-07-22', '2018-07-22'),
	(2520, '03-02-18 ATM BOMBA SN PABLO HDA HEREDIA CRI/BNCR', 5000, '2018-02-05', '2018-02-05', 8, 2, 4, '2018-07-22', '2018-07-22'),
	(2521, 'COBRO DE COMISION TFT/FALLAS VALENCIANO LU', 1156, '2018-02-05', '2018-02-05', 8, 2, 4, '2018-07-22', '2018-07-22'),
	(2522, '03-02-18 RELOJ DE MA/ESTEVEN EDUARDO FALL', 5833, '2018-02-05', '2018-02-05', 8, 3, 4, '2018-07-22', '2018-07-22'),
	(2523, 'Q1 Y ALMUERZO/LUIS ANDRES FALLAS V', 100000, '2018-02-05', '2018-02-05', 8, 3, 4, '2018-07-22', '2018-07-22'),
	(2524, 'COMISION CAJEROS MASTER CARD CTA AHOR/BNCR', 722.5, '2018-02-05', '2018-02-05', 8, 2, 4, '2018-07-22', '2018-07-22'),
	(2525, 'SPOTIFY FEBRERO 2018/RONALD ANTONIO ALVAR', 850, '2018-02-05', '2018-02-05', 8, 3, 4, '2018-07-22', '2018-07-22'),
	(2526, '03-02-18 AM PM RINCON DE FLORES ALAJUELA CRI/BNCR', 1625, '2018-02-05', '2018-02-05', 8, 2, 4, '2018-07-22', '2018-07-22'),
	(2527, '02-02-18 SERVICOEM GRAVPA HEREDIA CRI/BNCR', 2200, '2018-02-05', '2018-02-05', 8, 2, 4, '2018-07-22', '2018-07-22'),
	(2528, '02-02-18 RESTAURANTE TACO BELL HEREDIA CRI/BNCR', 1990, '2018-02-05', '2018-02-05', 8, 2, 4, '2018-07-22', '2018-07-22'),
	(2529, '31-01-18 AUTO MERCADO PLAZA BRA HEREDIA CRI/BNCR', 1625, '2018-02-02', '2018-02-02', 8, 2, 4, '2018-07-22', '2018-07-22'),
	(2530, '01-02-18 QUIZNOS HEREDIA HEREDIA CRI/BNCR', 3390, '2018-02-02', '2018-02-02', 8, 2, 4, '2018-07-22', '2018-07-22'),
	(2531, '31-01-18 RICAFE HEREDIA HEREDIA CRI/BNCR', 3300, '2018-02-02', '2018-02-02', 8, 2, 4, '2018-07-22', '2018-07-22'),
	(2532, 'TRANSFERENCIA POR BN CELULAR/MONICA ARLEY VALVERD', 3400, '2018-02-01', '2018-02-01', 8, 3, 4, '2018-07-22', '2018-07-22'),
	(2533, '31-01-18 UBER BV VORDEN NLD/BNCR', 1637.72, '2018-02-01', '2018-02-01', 8, 2, 4, '2018-07-22', '2018-07-22'),
	(2534, '30-01-18 CINEPOLIS P.FLORES CIN HEREDIA CRI/BNCR', 16000, '2018-02-01', '2018-02-01', 8, 2, 4, '2018-07-22', '2018-07-22'),
	(2535, '30-01-18 SERVICOEM GRAVPA HEREDIA CRI/BNCR', 2200, '2018-01-31', '2018-01-31', 8, 2, 4, '2018-07-22', '2018-07-22'),
	(2536, '30-01-18 CELULARES FICHTNER HEREDIA CRI/BNCR', 7500, '2018-01-31', '2018-01-31', 8, 2, 4, '2018-07-22', '2018-07-22'),
	(2537, 'PAGO DE CHAPIA/JULIO TORRES CHACON', 25000, '2018-01-30', '2018-01-30', 8, 3, 4, '2018-07-22', '2018-07-22'),
	(2538, '26-01-18 ENTRE-NOUS CENTRO CRI/BNCR', 4350, '2018-01-29', '2018-01-29', 8, 2, 4, '2018-07-22', '2018-07-22'),
	(2539, 'TRANSFERENCIA POR BN CELULAR/SUSANA LY JIMENEZ', 3100, '2018-01-29', '2018-01-29', 8, 3, 4, '2018-07-22', '2018-07-22'),
	(2540, '26-01-18 SPOTIFY P04BF64862 STOCKHOLM SWE/BNCR', 5133.55, '2018-01-29', '2018-01-29', 8, 2, 4, '2018-07-22', '2018-07-22'),
	(2541, '25-01-18 MAS X MENOS HEREDIA CRI/BNCR', 1530, '2018-01-26', '2018-01-26', 8, 2, 4, '2018-07-22', '2018-07-22'),
	(2542, '24-01-18 AUTO MERCADO PLAZA BRA HEREDIA CRI/BNCR', 1305, '2018-01-26', '2018-01-26', 8, 2, 4, '2018-07-22', '2018-07-22'),
	(2543, '25-01-18 SERVICOEM GRAVPA HEREDIA CRI/BNCR', 2200, '2018-01-26', '2018-01-26', 8, 2, 4, '2018-07-22', '2018-07-22'),
	(2544, 'TRANSACCION Y CRUNCH/ESTEVEN EDUARDO FALL', 20000, '2018-01-26', '2018-01-26', 8, 3, 4, '2018-07-22', '2018-07-22'),
	(2545, '24-01-18 CINEPOLIS P.FLORES CIN HEREDIA CRI/BNCR', 12800, '2018-01-26', '2018-01-26', 8, 2, 4, '2018-07-22', '2018-07-22'),
	(2546, '24-01-18 UBER BV VORDEN NLD/BNCR', 989.19, '2018-01-25', '2018-01-25', 8, 2, 4, '2018-07-22', '2018-07-22'),
	(2547, '24-01-18 SERVICOEM GRAVPA HEREDIA CRI/BNCR', 2200, '2018-01-25', '2018-01-25', 8, 2, 4, '2018-07-22', '2018-07-22'),
	(2548, '24-01-18 POPS FANTASIA HEREDIA HEREDIA CRI/BNCR', 1925, '2018-01-25', '2018-01-25', 8, 2, 4, '2018-07-22', '2018-07-22'),
	(2549, '23-01-18 UBER BV VORDEN NLD/BNCR', 1579.94, '2018-01-24', '2018-01-24', 8, 2, 4, '2018-07-22', '2018-07-22'),
	(2550, 'QUICKBOX/LUIS FALLAS VALENCIA', 9200, '2018-01-24', '2018-01-24', 8, 2, 4, '2018-07-22', '2018-07-22'),
	(2551, '19-01-18 ENTRE-NOUS CENTRO CRI/BNCR', 300, '2018-01-22', '2018-01-22', 8, 2, 4, '2018-07-22', '2018-07-22'),
	(2552, 'COMISION CAJEROS MASTER CARD CTA AHOR/BNCR', 719.37, '2018-01-22', '2018-01-22', 8, 2, 4, '2018-07-22', '2018-07-22'),
	(2553, '20-01-18 RESTAURANTE COMIDA RIC HEREDIA CRI/BNCR', 2700, '2018-01-22', '2018-01-22', 8, 2, 4, '2018-07-22', '2018-07-22'),
	(2554, '12-01-18 REST SUSHI NIPPON HEREDIA CRI/BNCR', 1375, '2018-01-22', '2018-01-22', 8, 2, 4, '2018-07-22', '2018-07-22'),
	(2555, '22-01-18 HER-AM PM RINC.FLORE COSTA RICA/BNCR', 20000, '2018-01-22', '2018-01-22', 8, 2, 4, '2018-07-22', '2018-07-22'),
	(2556, '19-01-18 UBER BV VORDEN NLD/BNCR', 979.08, '2018-01-22', '2018-01-22', 8, 2, 4, '2018-07-22', '2018-07-22'),
	(2557, '20-01-18 AM PM RINCON DE FLORES ALAJUELA CRI/BNCR', 2204, '2018-01-22', '2018-01-22', 8, 2, 4, '2018-07-22', '2018-07-22'),
	(2558, '20-01-18 AM PM RINCON DE FLORES ALAJUELA CRI/BNCR', 2180, '2018-01-22', '2018-01-22', 8, 2, 4, '2018-07-22', '2018-07-22'),
	(2559, '19-01-18 AUTO MERCADO PLAZA BRA HEREDIA CRI/BNCR', 2565, '2018-01-22', '2018-01-22', 8, 2, 4, '2018-07-22', '2018-07-22'),
	(2560, '19-01-18 ENTRE-NOUS CENTRO CRI/BNCR', 2700, '2018-01-22', '2018-01-22', 8, 2, 4, '2018-07-22', '2018-07-22'),
	(2561, 'COMPRAS EN COMERCIOS - AVENIDA UNO -CRI', 36900, '2018-01-03', '2018-01-08', 8, 2, 3, '2018-07-22', '2018-07-22'),
	(2562, 'ND AH ICETEL BANCOBC - ICETEL 17913686', 14900, '2018-01-09', '2018-01-09', 8, 2, 3, '2018-07-22', '2018-07-22'),
	(2563, 'ND AH ICETEL BANCOBC - ICETEL 85959410', 10715, '2018-01-09', '2018-01-09', 8, 2, 3, '2018-07-22', '2018-07-22'),
	(2564, 'ND AH ICETEL BANCOBC - ICETEL 84125295', 15285, '2018-01-09', '2018-01-09', 8, 2, 3, '2018-07-22', '2018-07-22'),
	(2565, 'COB AH AMNET - AMNET 10813301', 37126, '2018-01-09', '2018-01-09', 8, 2, 3, '2018-07-22', '2018-07-22'),
	(2566, 'TRANSFERENC BANCOBCR - PAGO ALQUILER ENERO 2018', 225500, '2018-01-09', '2018-01-10', 8, 2, 3, '2018-07-22', '2018-07-22'),
	(2567, 'SINPE MOVIL OTRA ENT', 50000, '2018-01-09', '2018-01-10', 8, 2, 3, '2018-07-22', '2018-07-22'),
	(2568, 'TRANSFERENC BANCOBCR - REPUESTOS REXTON', 220000, '2018-01-10', '2018-01-10', 8, 2, 3, '2018-07-22', '2018-07-22'),
	(2569, 'INTERNET COMIS SINPE - COBRO DE COMISION TXN', 1150, '2018-01-11', '2018-01-11', 8, 2, 3, '2018-07-22', '2018-07-22'),
	(2570, 'INTERNET TFT SINPE', 8100, '2018-01-11', '2018-01-11', 8, 2, 3, '2018-07-22', '2018-07-22'),
	(2571, 'INTERNET TRANSF PLAN - PLANILLA DE ADELANTO', 564428.52, '2018-01-12', '2018-01-12', 8, 3, 3, '2018-07-22', '2018-07-22'),
	(2572, 'INTERNET TRANSF PLAN - PLANILLA ESCOLAR', 1215779.1, '2018-01-12', '2018-01-12', 8, 3, 3, '2018-07-22', '2018-07-22'),
	(2573, 'SINPE MOVIL OTRA ENT', 50000, '2018-01-17', '2018-01-17', 8, 2, 3, '2018-07-22', '2018-07-22'),
	(2574, 'SINPE MOVIL OTRA ENT', 35400, '2018-01-19', '2018-01-19', 8, 2, 3, '2018-07-22', '2018-07-22'),
	(2575, 'DB ESPH AH BBCR - ESPEH AGUA571085', 7197, '2018-01-26', '2018-01-26', 8, 2, 3, '2018-07-22', '2018-07-22'),
	(2576, 'COMPRAS EN COMERCIOS - FARMACIA SUCRE OBOTICARIO -CRI', 8390, '2018-01-26', '2018-01-29', 8, 2, 3, '2018-07-22', '2018-07-22'),
	(2577, 'SINPE MOVIL OTRA ENT', 15950, '2018-01-27', '2018-01-29', 8, 2, 3, '2018-07-22', '2018-07-22'),
	(2578, 'INTERNET TRANSF PLAN - PLANILLA DE FIN DE M', 438533.9, '2018-01-29', '2018-01-29', 8, 3, 3, '2018-07-22', '2018-07-22'),
	(2579, 'COMPRAS EN COMERCIOS - AUTO MERCADO PLAZA BRA -CRI', 11385, '2018-01-27', '2018-01-30', 8, 2, 3, '2018-07-22', '2018-07-22'),
	(2580, 'SINPE MOVIL OTRA ENT', 25000, '2018-01-30', '2018-01-30', 8, 2, 3, '2018-07-22', '2018-07-22'),
	(2581, 'INTS GANADOS AHORROS', 9015.8, '2018-01-31', '2018-01-31', 8, 3, 3, '2018-07-22', '2018-07-22'),
	(2582, 'ND AH ICETEL BANCOBC - ICETEL 17913686', 14900, '2018-02-04', '2018-02-05', 8, 2, 3, '2018-07-22', '2018-07-22'),
	(2583, 'COB AH AMNET - AMNET 10813301', 34726, '2018-02-04', '2018-02-05', 8, 2, 3, '2018-07-22', '2018-07-22'),
	(2584, 'SINPE MOVIL OTRA ENT', 100000, '2018-02-05', '2018-02-05', 8, 2, 3, '2018-07-22', '2018-07-22'),
	(2585, 'TRANSFERENC BANCOBCR - DISSIDIA PS4', 36800, '2018-02-05', '2018-02-05', 8, 2, 3, '2018-07-22', '2018-07-22'),
	(2586, 'COMPRAS EN COMERCIOS - AM PM RINCON DE FLORES -CRI', 610, '2018-02-03', '2018-02-06', 8, 2, 3, '2018-07-22', '2018-07-22'),
	(2587, 'ND AH CABLETICA - CABLE TICA750020', 12354, '2018-02-06', '2018-02-06', 8, 2, 3, '2018-07-22', '2018-07-22'),
	(2588, 'ND AH CABLETICA - CABLE TICA750020', 1576, '2018-02-06', '2018-02-06', 8, 2, 3, '2018-07-22', '2018-07-22'),
	(2589, 'ND AH CABLETICA - CABLE TICA750020', 16901, '2018-02-06', '2018-02-06', 8, 2, 3, '2018-07-22', '2018-07-22'),
	(2590, 'ND AH ICEELE BANCOBC - ICEELE 182887', 14405, '2018-02-06', '2018-02-06', 8, 2, 3, '2018-07-22', '2018-07-22'),
	(2591, 'ND AH ICEELE BANCOBC - ICEELE 182783', 26945, '2018-02-06', '2018-02-06', 8, 2, 3, '2018-07-22', '2018-07-22'),
	(2592, 'ND AH ICETEL BANCOBC - ICETEL 88769504', 10025, '2018-02-06', '2018-02-06', 8, 2, 3, '2018-07-22', '2018-07-22'),
	(2593, 'COMPRAS EN COMERCIOS - INTENSA COLONES -CRI', 101000, '2018-02-02', '2018-02-07', 8, 2, 3, '2018-07-22', '2018-07-22'),
	(2594, 'COMPRAS EN COMERCIOS - EXTREME TECHNOLOGY CORP -CRI', 275000, '2018-02-08', '2018-02-12', 8, 2, 3, '2018-07-22', '2018-07-22'),
	(2595, 'SINPE MOVIL OTRA ENT', 100000, '2018-02-10', '2018-02-12', 8, 2, 3, '2018-07-22', '2018-07-22'),
	(2596, 'ND AH ICETEL BANCOBC - ICETEL 84125295', 11200, '2018-02-11', '2018-02-12', 8, 2, 3, '2018-07-22', '2018-07-22'),
	(2597, 'ND AH ICETEL BANCOBC - ICETEL 85959410', 12110, '2018-02-11', '2018-02-12', 8, 2, 3, '2018-07-22', '2018-07-22'),
	(2598, 'TRANSFERENC BANCOBCR - PAGO ALQUILER FEBRERO 2018', 225500, '2018-02-11', '2018-02-12', 8, 2, 3, '2018-07-22', '2018-07-22'),
	(2599, 'INTERNET TRANSF PLAN - PLANILLA DE ADELANTO', 573924.86, '2018-02-14', '2018-02-14', 8, 3, 3, '2018-07-22', '2018-07-22'),
	(2600, 'COMPRAS EN COMERCIOS - JOYERIA Y RELOJERIA LE -CRI', 17000, '2018-02-02', '2018-02-19', 8, 2, 3, '2018-07-22', '2018-07-22'),
	(2601, 'RETIROS CAJ-AUT', 40000, '2018-02-20', '2018-02-21', 8, 2, 3, '2018-07-22', '2018-07-22'),
	(2602, 'DB ESPH AH BBCR - ESPEH AGUA571085', 6232, '2018-02-21', '2018-02-21', 8, 2, 3, '2018-07-22', '2018-07-22'),
	(2603, 'SINPE MOVIL OTRA ENT', 50000, '2018-02-23', '2018-02-23', 8, 2, 3, '2018-07-22', '2018-07-22'),
	(2604, 'COMPRAS EN COMERCIOS - EC-INS WEB GENERAL COL -CRI', 10830, '2018-02-21', '2018-02-26', 8, 2, 3, '2018-07-22', '2018-07-22'),
	(2605, 'SINPE MOVIL OTRA ENT', 20000, '2018-02-25', '2018-02-26', 8, 2, 3, '2018-07-22', '2018-07-22'),
	(2606, 'INTS GANADOS AHORROS', 8132.6, '2018-02-28', '2018-02-28', 8, 3, 3, '2018-07-22', '2018-07-22'),
	(2607, 'INTERNET TRANSF PLAN - PLANILLA DE FIN DE M', 444825.23, '2018-02-28', '2018-02-28', 8, 3, 3, '2018-07-22', '2018-07-22'),
	(2608, 'ND AH ICETEL BANCOBC - ICETEL 85959410', 11645, '2018-03-05', '2018-03-05', 8, 2, 3, '2018-07-22', '2018-07-22'),
	(2609, 'ND AH ICETEL BANCOBC - ICETEL 17913686', 14900, '2018-03-05', '2018-03-05', 8, 2, 3, '2018-07-22', '2018-07-22'),
	(2610, 'ND AH ICETEL BANCOBC - ICETEL 84125295', 9640, '2018-03-05', '2018-03-05', 8, 2, 3, '2018-07-22', '2018-07-22'),
	(2611, 'COB AH AMNET - AMNET 10813301', 36816.07, '2018-03-05', '2018-03-05', 8, 2, 3, '2018-07-22', '2018-07-22'),
	(2612, 'COMPRAS EN COMERCIOS - INTENSA COLONES -CRI', 101000, '2018-03-02', '2018-03-07', 8, 2, 3, '2018-07-22', '2018-07-22'),
	(2613, 'TRANSFERENC BANCOBCR - MUEBLE LEO', 476000, '2018-03-09', '2018-03-09', 8, 3, 3, '2018-07-22', '2018-07-22'),
	(2614, 'TRANSFERENC BANCOBCR - PAGO ALQUILER MARZO 2018', 235000, '2018-03-09', '2018-03-09', 8, 2, 3, '2018-07-22', '2018-07-22'),
	(2615, 'INTERNET COMIS SINPE - COBRO DE COMISION TXN', 1152, '2018-03-09', '2018-03-09', 8, 2, 3, '2018-07-22', '2018-07-22'),
	(2616, 'INTERNET TFT SINPE', 823000, '2018-03-09', '2018-03-09', 8, 2, 3, '2018-07-22', '2018-07-22'),
	(2617, 'SINPE MOVIL OTRA ENT', 50000, '2018-03-10', '2018-03-12', 8, 2, 3, '2018-07-22', '2018-07-22'),
	(2618, 'MONEDERO SINPE MOVIL', 30000, '2018-03-12', '2018-03-12', 8, 2, 3, '2018-07-22', '2018-07-22'),
	(2619, 'INTERNET TRANSF PLAN - PLANILLA DE ADELANTO', 564428.52, '2018-03-14', '2018-03-14', 8, 3, 3, '2018-07-22', '2018-07-22'),
	(2620, 'DB AH CONAPE BBCR - CONAPE 30791240', 39864.16, '2018-03-15', '2018-03-15', 8, 2, 3, '2018-07-22', '2018-07-22'),
	(2621, 'SINPE MOVIL OTRA ENT', 80000, '2018-03-15', '2018-03-15', 8, 2, 3, '2018-07-22', '2018-07-22'),
	(2622, 'DB ESPH AH BBCR - ESPEH AGUA571085', 6338, '2018-03-15', '2018-03-15', 8, 2, 3, '2018-07-22', '2018-07-22'),
	(2623, 'DB AH CONAPE BBCR - CONAPE 30791240', 38587.1, '2018-03-15', '2018-03-15', 8, 2, 3, '2018-07-22', '2018-07-22'),
	(2624, 'DEBITO COMPENSADO AH - LUIS FALLAS VALENCIANO', 1547000, '2018-03-16', '2018-03-16', 8, 2, 3, '2018-07-22', '2018-07-22'),
	(2625, 'COMPRAS EN COMERCIOS - EC-INS WEB GENERAL COL -CRI', 10830, '2018-03-15', '2018-03-19', 8, 2, 3, '2018-07-22', '2018-07-22'),
	(2626, 'SINPE MOVIL OTRA ENT', 50000, '2018-03-23', '2018-03-23', 8, 2, 3, '2018-07-22', '2018-07-22'),
	(2627, 'INTERNET TRANSF PLAN - PLANILLA DE FIN DE M', 462215.39, '2018-03-23', '2018-03-23', 8, 3, 3, '2018-07-22', '2018-07-22'),
	(2628, 'INTS GANADOS AHORROS', 7311.3, '2018-03-28', '2018-03-28', 8, 3, 3, '2018-07-22', '2018-07-22'),
	(2629, 'RETIROS CAJ-AUT', 15000, '2018-03-29', '2018-04-02', 8, 2, 3, '2018-07-22', '2018-07-22'),
	(2630, 'COMPRAS EN COMERCIOS - SPORT BAR BIG BOY -CRI', 9000, '2018-03-31', '2018-04-03', 8, 2, 3, '2018-07-22', '2018-07-22'),
	(2631, 'COB AH AMNET - AMNET 10813301', 36090, '2018-04-04', '2018-04-04', 8, 2, 3, '2018-07-22', '2018-07-22'),
	(2632, 'ND AH ICETEL BANCOBC - ICETEL 17913686', 14900, '2018-04-04', '2018-04-04', 8, 2, 3, '2018-07-22', '2018-07-22'),
	(2633, 'ND AH ICETEL BANCOBC - ICETEL 84125295', 8550, '2018-04-04', '2018-04-04', 8, 2, 3, '2018-07-22', '2018-07-22'),
	(2634, 'ND AH ICETEL BANCOBC - ICETEL 85959410', 10170, '2018-04-04', '2018-04-04', 8, 2, 3, '2018-07-22', '2018-07-22'),
	(2635, 'RETIROS CAJ-AUT', 9000, '2018-04-04', '2018-04-04', 8, 2, 3, '2018-07-22', '2018-07-22'),
	(2636, 'TRANSFERENC BANCOBCR - ABRIL113910972 ANDRES FALLAS', 101000, '2018-04-04', '2018-04-05', 8, 2, 3, '2018-07-22', '2018-07-22'),
	(2637, 'TRANSFERENC BANCOBCR - COMPRA ENTRADA JOS RAYO D', 5000, '2018-04-05', '2018-04-05', 8, 2, 3, '2018-07-22', '2018-07-22'),
	(2638, 'SINPE MOVIL OTRA ENT', 50000, '2018-04-07', '2018-04-09', 8, 2, 3, '2018-07-22', '2018-07-22'),
	(2639, 'SINPE MOVIL OTRA ENT', 50000, '2018-04-11', '2018-04-12', 8, 2, 3, '2018-07-22', '2018-07-22'),
	(2640, 'TRANSFERENC BANCOBCR - PAGO ALQUILER ABRIL 2018', 234500, '2018-04-11', '2018-04-12', 8, 2, 3, '2018-07-22', '2018-07-22'),
	(2641, 'INTERNET TRANSF PLAN - PLANILLA DE ADELANTO', 578673.03, '2018-04-13', '2018-04-13', 8, 3, 3, '2018-07-22', '2018-07-22'),
	(2642, 'SINPE MOVIL OTRA ENT', 5000, '2018-04-16', '2018-04-17', 8, 2, 3, '2018-07-22', '2018-07-22'),
	(2643, 'SINPE MOVIL OTRA ENT', 50000, '2018-04-18', '2018-04-18', 8, 2, 3, '2018-07-22', '2018-07-22'),
	(2644, 'DB ESPH AH BBCR - ESPEH AGUA571085', 8687, '2018-04-19', '2018-04-19', 8, 2, 3, '2018-07-22', '2018-07-22'),
	(2645, 'SINPE MOVIL OTRA ENT', 30000, '2018-04-20', '2018-04-20', 8, 2, 3, '2018-07-22', '2018-07-22'),
	(2646, 'COMPRAS EN COMERCIOS - ARENAS PASEO DE LAS FL -CRI', 14900, '2018-04-21', '2018-04-24', 8, 2, 3, '2018-07-22', '2018-07-22'),
	(2647, 'COMPRAS EN COMERCIOS - ISLAND PASEO DE LAS FL -CRI', 15000, '2018-04-21', '2018-04-24', 8, 2, 3, '2018-07-22', '2018-07-22'),
	(2648, 'RETIROS CAJ-AUT', 25000, '2018-04-25', '2018-04-25', 8, 2, 3, '2018-07-22', '2018-07-22'),
	(2649, 'INTERNET TRANSF PLAN - PLANILLA DE FIN DE M', 447970.88, '2018-04-27', '2018-04-27', 8, 3, 3, '2018-07-22', '2018-07-22'),
	(2650, 'COMPRAS EN COMERCIOS - EXTREME TECHNOLOGY CORP -CRI', 178000, '2018-04-28', '2018-04-30', 8, 2, 3, '2018-07-22', '2018-07-22'),
	(2651, 'SINPE MOVIL OTRA ENT', 25000, '2018-04-28', '2018-04-30', 8, 2, 3, '2018-07-22', '2018-07-22'),
	(2652, 'INTS GANADOS AHORROS', 7083.45, '2018-04-30', '2018-04-30', 8, 3, 3, '2018-07-22', '2018-07-22'),
	(2653, 'COMPRAS EN COMERCIOS - CINEPOLIS P.FLORES DUL -CRI', 11850, '2018-04-28', '2018-05-02', 8, 2, 3, '2018-07-22', '2018-07-22'),
	(2654, 'COMPRAS EN COMERCIOS - AUTO MERCADO PLAZA BRA -CRI', 5193, '2018-04-28', '2018-05-02', 8, 2, 3, '2018-07-22', '2018-07-22'),
	(2655, 'COMPRAS EN COMERCIOS - AUTO MERCADO PLAZA BRA -CRI', 3732, '2018-04-28', '2018-05-02', 8, 2, 3, '2018-07-22', '2018-07-22'),
	(2656, 'SINPE MOVIL OTRA ENT', 8222, '2018-05-03', '2018-05-03', 8, 2, 3, '2018-07-22', '2018-07-22'),
	(2657, 'TRANSFERENC BANCOBCR - ENCAPSULADOR', 7540, '2018-05-04', '2018-05-04', 8, 2, 3, '2018-07-22', '2018-07-22'),
	(2658, 'COMPRAS EN COMERCIOS - LIBRERIA Y BAZAR SAGIT -CRI', 8500, '2018-05-04', '2018-05-07', 8, 2, 3, '2018-07-22', '2018-07-22'),
	(2659, 'SINPE MOVIL OTRA ENT', 50000, '2018-05-06', '2018-05-07', 8, 2, 3, '2018-07-22', '2018-07-22'),
	(2660, 'COMPRAS EN COMERCIOS - SOBERANOS BREWERS -CRI', 3500, '2018-05-04', '2018-05-09', 8, 2, 3, '2018-07-22', '2018-07-22'),
	(2661, 'COMPRAS EN COMERCIOS - INTENSA COLONES -CRI', 101000, '2018-05-04', '2018-05-09', 8, 2, 3, '2018-07-22', '2018-07-22'),
	(2662, 'COMPRAS EN COMERCIOS - AUTO MERCADO PLAZA BRA -CRI', 17683, '2018-05-05', '2018-05-09', 8, 2, 3, '2018-07-22', '2018-07-22'),
	(2663, 'COMPRAS EN COMERCIOS - NETFLIX.COM -NLD', 8009.28, '2018-05-06', '2018-05-09', 8, 2, 3, '2018-07-22', '2018-07-22'),
	(2664, 'RETIROS CAJ-AUT', 25000, '2018-05-09', '2018-05-09', 8, 2, 3, '2018-07-22', '2018-07-22'),
	(2665, 'INTERNET COMIS SINPE - COBRO DE COMISION TXN', 1145, '2018-05-10', '2018-05-10', 8, 2, 3, '2018-07-22', '2018-07-22'),
	(2666, 'INTERNET TFT SINPE - COMPRA HUAWEI P10', 158500, '2018-05-10', '2018-05-10', 8, 2, 3, '2018-07-22', '2018-07-22'),
	(2667, 'TRANSFERENC BANCOBCR - PAGO ALQUILER MAYO 2018', 235000, '2018-05-10', '2018-05-10', 8, 2, 3, '2018-07-22', '2018-07-22'),
	(2668, 'ND AH ICETEL BANCOBC - ICETEL 84125295', 11205, '2018-05-10', '2018-05-10', 8, 2, 3, '2018-07-22', '2018-07-22'),
	(2669, 'ND AH ICETEL BANCOBC - ICETEL 17913686', 14900, '2018-05-10', '2018-05-10', 8, 2, 3, '2018-07-22', '2018-07-22'),
	(2670, 'ND AH ICETEL BANCOBC - ICETEL 85959410', 11620, '2018-05-10', '2018-05-10', 8, 2, 3, '2018-07-22', '2018-07-22'),
	(2671, 'COB AH AMNET - AMNET 10813301', 36090, '2018-05-10', '2018-05-10', 8, 2, 3, '2018-07-22', '2018-07-22'),
	(2672, 'COMPRAS EN COMERCIOS - EC-INS WEB GENERAL COL -CRI', 10830, '2018-05-10', '2018-05-14', 8, 2, 3, '2018-07-22', '2018-07-22'),
	(2673, 'INTERNET TRANSF PLAN - PLANILLA DE ADELANTO', 578673.03, '2018-05-14', '2018-05-14', 8, 3, 3, '2018-07-22', '2018-07-22'),
	(2674, 'COMPRAS EN COMERCIOS - ZAPATERIA MENESES GUAP -CRI', 19850, '2018-05-13', '2018-05-16', 8, 2, 3, '2018-07-22', '2018-07-22'),
	(2675, 'COMPRAS EN COMERCIOS - CINEPOLIS P.FLORES CIN -CRI', 19500, '2018-05-14', '2018-05-17', 8, 2, 3, '2018-07-22', '2018-07-22'),
	(2676, 'DB ESPH AH BBCR - ESPEH AGUA571085', 10206, '2018-05-17', '2018-05-17', 8, 2, 3, '2018-07-22', '2018-07-22'),
	(2677, 'SINPE MOVIL OTRA ENT', 15000, '2018-05-17', '2018-05-18', 8, 2, 3, '2018-07-22', '2018-07-22'),
	(2678, 'SINPE MOVIL OTRA ENT', 30000, '2018-05-17', '2018-05-18', 8, 2, 3, '2018-07-22', '2018-07-22'),
	(2679, 'SINPE MOVIL OTRA ENT', 25000, '2018-05-17', '2018-05-18', 8, 2, 3, '2018-07-22', '2018-07-22'),
	(2680, 'COMPRAS EN COMERCIOS - EC-INS WEB GENERAL COL -CRI', 10854, '2018-05-17', '2018-05-21', 8, 2, 3, '2018-07-22', '2018-07-22'),
	(2681, 'COMPRAS EN COMERCIOS - AM PM RINCON DE FLORES -CRI', 2045, '2018-05-17', '2018-05-21', 8, 2, 3, '2018-07-22', '2018-07-22'),
	(2682, 'SINPE MOVIL OTRA ENT', 100000, '2018-05-20', '2018-05-21', 8, 2, 3, '2018-07-22', '2018-07-22'),
	(2683, 'RETIROS CAJ-AUT', 25000, '2018-05-24', '2018-05-25', 8, 2, 3, '2018-07-22', '2018-07-22'),
	(2684, 'SINPE MOVIL OTRA ENT', 25000, '2018-05-25', '2018-05-25', 8, 2, 3, '2018-07-22', '2018-07-22'),
	(2685, 'INTERNET TRANSF PLAN - PLANILLA DE FIN DE M', 447970.88, '2018-05-29', '2018-05-29', 8, 3, 3, '2018-07-22', '2018-07-22'),
	(2686, 'INTERNET TFT SINPE - CUENTA 18470604', 30000, '2018-05-30', '2018-05-30', 8, 2, 3, '2018-07-22', '2018-07-22'),
	(2687, 'INTERNET COMIS SINPE - COBRO DE COMISION TXN', 1143, '2018-05-30', '2018-05-30', 8, 2, 3, '2018-07-22', '2018-07-22'),
	(2688, 'SINPE MOVIL OTRA ENT', 50000, '2018-05-30', '2018-05-30', 8, 2, 3, '2018-07-22', '2018-07-22'),
	(2689, 'INTS GANADOS AHORROS', 7222.85, '2018-05-31', '2018-05-31', 8, 3, 3, '2018-07-22', '2018-07-22'),
	(2690, 'TRANSFERENC BANCOBCR - PREORDEN NEW GUNDAM BREAKS', 15471, '2018-06-01', '2018-06-01', 8, 2, 3, '2018-07-22', '2018-07-22'),
	(2691, 'COMPRAS EN COMERCIOS - AM PM RINCON DE FLORES -CRI', 8251, '2018-05-29', '2018-06-01', 8, 2, 3, '2018-07-22', '2018-07-22'),
	(2692, 'AVANC EFECT OTRO BCO - HER-AM/PM RINC.FLORE -CRI', 25000, '2018-06-02', '2018-06-05', 8, 2, 3, '2018-07-22', '2018-07-22'),
	(2693, 'COMISION AVANCE EFEC - COM AVA EFEC BNC LOC -CRI', 716.25, '2018-06-05', '2018-06-05', 8, 2, 3, '2018-07-22', '2018-07-22'),
	(2694, 'COMPRAS EN COMERCIOS - INTENSA COLONES -CRI', 101000, '2018-06-01', '2018-06-06', 8, 2, 3, '2018-07-22', '2018-07-22'),
	(2695, 'COMPRAS EN COMERCIOS - MACROBIOTICA CAMPOS -CRI', 5200, '2018-06-02', '2018-06-07', 8, 2, 3, '2018-07-22', '2018-07-22'),
	(2696, 'DEPOSITOS - LUIS FALLAS', 200000, '2018-06-07', '2018-06-07', 8, 3, 3, '2018-07-22', '2018-07-22'),
	(2697, 'COMPRAS EN COMERCIOS - NETFLIX.COM -NLD', 8030.26, '2018-06-06', '2018-06-08', 8, 2, 3, '2018-07-22', '2018-07-22'),
	(2698, 'ND AH ICETEL BANCOBC - ICETEL 17913686', 14900, '2018-06-08', '2018-06-08', 8, 2, 3, '2018-07-22', '2018-07-22'),
	(2699, 'ND AH ICETEL BANCOBC - ICETEL 84125295', 11785, '2018-06-08', '2018-06-08', 8, 2, 3, '2018-07-22', '2018-07-22'),
	(2700, 'ND AH ICETEL BANCOBC - ICETEL 85959410', 12065, '2018-06-08', '2018-06-08', 8, 2, 3, '2018-07-22', '2018-07-22'),
	(2701, 'COB AH AMNET - AMNET 10813301', 37090, '2018-06-08', '2018-06-08', 8, 2, 3, '2018-07-22', '2018-07-22'),
	(2702, 'SINPE MOVIL OTRA ENT', 25000, '2018-06-08', '2018-06-11', 8, 2, 3, '2018-07-22', '2018-07-22'),
	(2703, 'COMPRAS EN COMERCIOS - ROSABAL -CRI', 8995, '2018-06-09', '2018-06-11', 8, 2, 3, '2018-07-22', '2018-07-22'),
	(2704, 'TRANSFERENC BANCOBCR - PAGO ALQUILER JUNIO 2018', 234000, '2018-06-11', '2018-06-11', 8, 2, 3, '2018-07-22', '2018-07-22'),
	(2705, 'COMPRAS EN COMERCIOS - SERVICIENTRO M Y S JIMENEZ-CRI', 15000, '2018-06-10', '2018-06-13', 8, 2, 3, '2018-07-22', '2018-07-22'),
	(2706, 'RETIROS CAJ-AUT', 20000, '2018-06-12', '2018-06-13', 8, 2, 3, '2018-07-22', '2018-07-22'),
	(2707, 'RETIROS', 4001148, '2018-06-13', '2018-06-13', 8, 2, 3, '2018-07-22', '2018-07-22'),
	(2708, 'INTERNET TRANSF PLAN - PLANILLA DE ADELANTO', 578673.03, '2018-06-14', '2018-06-14', 8, 3, 3, '2018-07-22', '2018-07-22'),
	(2709, 'COMPRAS EN COMERCIOS - GNC (GENERAL NUTRITION -CRI', 39780, '2018-06-13', '2018-06-18', 8, 2, 3, '2018-07-22', '2018-07-22'),
	(2710, 'COMPRAS EN COMERCIOS - AM PM RINCON DE FLORES -CRI', 9819, '2018-06-14', '2018-06-18', 8, 2, 3, '2018-07-22', '2018-07-22'),
	(2711, 'COMPRAS EN COMERCIOS - RESTAURANTE Y BAR SABO -CRI', 34396, '2018-06-16', '2018-06-19', 8, 2, 3, '2018-07-22', '2018-07-22'),
	(2712, 'DB ESPH AH BBCR - ESPEH AGUA571085', 8370, '2018-06-20', '2018-06-20', 8, 2, 3, '2018-07-22', '2018-07-22'),
	(2713, 'COMPRAS EN COMERCIOS - BAR BULEVAR RELAX -CRI', 2500, '2018-06-19', '2018-06-21', 8, 2, 3, '2018-07-22', '2018-07-22'),
	(2714, 'SINPE MOVIL OTRA ENT', 23000, '2018-06-21', '2018-06-21', 8, 2, 3, '2018-07-22', '2018-07-22'),
	(2715, 'COMPRAS EN COMERCIOS - TASTY PIZZA -CRI', 13900, '2018-06-18', '2018-06-22', 8, 2, 3, '2018-07-22', '2018-07-22'),
	(2716, 'COMPRAS EN COMERCIOS - FARMAVALUE HEREDIA CEN -CRI', 7500, '2018-06-19', '2018-06-22', 8, 2, 3, '2018-07-22', '2018-07-22'),
	(2717, 'COMPRAS EN COMERCIOS - EC-INS WEB GENERAL COL -CRI', 10830, '2018-06-20', '2018-06-25', 8, 2, 3, '2018-07-22', '2018-07-22'),
	(2718, 'COMPRAS EN COMERCIOS - SERVICOEM GRAVPA (SODA -CRI', 2200, '2018-06-20', '2018-06-25', 8, 2, 3, '2018-07-22', '2018-07-22'),
	(2719, 'COMPRAS EN COMERCIOS - QUIZNOS HEREDIA -CRI', 3750, '2018-06-22', '2018-06-25', 8, 2, 3, '2018-07-22', '2018-07-22'),
	(2720, 'COMPRAS EN COMERCIOS - WWWUSTRAVELDOCSCOM CA -USA', 91840, '2018-06-20', '2018-06-27', 8, 2, 3, '2018-07-22', '2018-07-22'),
	(2721, 'COMPRAS EN COMERCIOS - FONDO DE BENEFICIO SOC -CRI', 20000, '2018-06-22', '2018-06-27', 8, 2, 3, '2018-07-22', '2018-07-22'),
	(2722, 'SINPE MOVIL OTRA ENT', 72000, '2018-06-27', '2018-06-27', 8, 2, 3, '2018-07-22', '2018-07-22'),
	(2723, 'INTERNET TRANSF PLAN - PLANILLA DE FIN DE M', 447970.88, '2018-06-27', '2018-06-27', 8, 3, 3, '2018-07-22', '2018-07-22'),
	(2724, 'COMPRAS EN COMERCIOS - KLNGSMAN -CRI', 4000, '2018-06-26', '2018-06-28', 8, 2, 3, '2018-07-22', '2018-07-22'),
	(2725, 'COMPRAS EN COMERCIOS - Spotify P067B4EFB4 -SWE', 5160.26, '2018-06-26', '2018-06-28', 8, 2, 3, '2018-07-22', '2018-07-22'),
	(2726, 'INTS GANADOS AHORROS', 3725, '2018-06-29', '2018-06-29', 8, 3, 3, '2018-07-22', '2018-07-22'),
	(2727, 'TRANSFERENC BANCOBCR - GUNDAM 2DA PARTE', 20262.2, '2018-06-29', '2018-06-29', 8, 2, 3, '2018-07-22', '2018-07-22');
/*!40000 ALTER TABLE `movimiento` ENABLE KEYS */;

/*!40000 ALTER TABLE `parametro` DISABLE KEYS */;
INSERT INTO `parametro` (`ID_PARAMETRO`, `LLAVE`, `VALOR`, `FECHA_CREACION`, `FECHA_MODIFICACION`) VALUES
	(2, 'categoria_movimiento_default', '8', NULL, NULL),
	(3, 'tipo_movimiento_gasto', '2', NULL, NULL),
	(4, 'tipo_movimiento_ingreso', '3', NULL, NULL);
/*!40000 ALTER TABLE `parametro` ENABLE KEYS */;

/*!40000 ALTER TABLE `tipo_movimiento` DISABLE KEYS */;
INSERT INTO `tipo_movimiento` (`ID_TIPO_MOVIMIENTO`, `NOMBRE`, `FECHA_CREACION`, `FECHA_MODIFICACION`) VALUES
	(2, 'Gasto', NULL, NULL),
	(3, 'Ingreso', NULL, NULL);
/*!40000 ALTER TABLE `tipo_movimiento` ENABLE KEYS */;

/*!40101 SET SQL_MODE=IFNULL(@OLD_SQL_MODE, '') */;
/*!40014 SET FOREIGN_KEY_CHECKS=IF(@OLD_FOREIGN_KEY_CHECKS IS NULL, 1, @OLD_FOREIGN_KEY_CHECKS) */;
/*!40101 SET CHARACTER_SET_CLIENT=@OLD_CHARACTER_SET_CLIENT */;
